id,ticker,insider_name,insider_cik,officer_title,role,transaction_date,transaction_code,transaction_direction,shares,price_per_share,total_value,accession_number,filed_date,sector,role_classified,classification,price_entry,price_30d,price_60d,price_90d,price_120d,price_150d,price_180d,return_30d,return_60d,return_90d,return_120d,return_150d,return_180d,signal_correct_30d,signal_correct_90d,signal_correct_180d,spy_return_30d,spy_return_60d,spy_return_90d,spy_return_120d,spy_return_150d,spy_return_180d,adjusted_return_30d,adjusted_return_60d,adjusted_return_90d,adjusted_return_120d,adjusted_return_150d,adjusted_return_180d,max_drawdown_30d,days_to_min_30d,recovered_by_90d
81b5eb26-f9d8-41e2-b0a6-2d00f177b318,FIX,MYERS FRANKLIN,0001207002,,Director,2015-03-04,P,buy,7500,18.65,139875,0001179110-15-004219,2015-03-04,Industrials,Director,OPPORTUNISTIC,18.649999618530273,20.299999237060547,21.31999969482422,22.850000381469727,23.079999923706055,27.6200008392334,27.719999313354492,8.85,14.32,22.52,23.75,48.1,48.63,true,true,true,-1.14,0.52,0.54,-1.39,-0.21,-5.97,9.99,13.8,21.98,25.14,48.31,54.6,0,0,true
8dd00f0a-2b20-4321-8e01-69d01bb54289,FIX,MYERS FRANKLIN,0001207002,,Director,2015-05-20,P,buy,5916,22.87,135298.92,0001179110-15-008294,2015-05-21,Industrials,Director,OPPORTUNISTIC,22.790000915527344,23.200000762939453,23.6299991607666,29.18000030517578,28.899999618530273,29.770000457763672,30.760000228881836,1.8,3.69,28.04,26.81,30.63,34.97,true,true,true,-0.97,-0.14,-1.36,-6.18,-4.47,-3.41,2.77,3.83,29.4,32.99,35.1,38.38,-2.59,6,true
0fdc7fd7-ea62-4062-a98a-22a8f66529ab,FIX,MYERS FRANKLIN,0001207002,,Director,2015-08-12,P,buy,4500,27.9,125550,0001179110-15-012011,2015-08-12,Industrials,Director,OPPORTUNISTIC,28.43000030517578,28.40999984741211,30.030000686645508,31.399999618530273,32.36000061035156,28.6200008392334,24.670000076293945,-0.07,5.63,10.45,13.82,0.67,-13.23,false,true,false,-5.83,-3.54,-0.17,-1.46,-8.05,-11.25,5.76,9.17,10.62,15.28,8.72,-1.98,-4.99,13,true
f8c8a259-448b-4dbf-ba08-8bb8d692e56c,FIX,MYERS FRANKLIN,0001207002,,Director,2015-09-11,P,buy,4000,28.36,113440,0001179110-15-013252,2015-09-11,Industrials,Director,OPPORTUNISTIC,28.40999984741211,30.030000686645508,31.399999618530273,32.36000061035156,28.6200008392334,24.670000076293945,30.270000457763672,5.7,10.52,13.9,0.74,-13.16,6.55,true,true,true,2.43,6.01,4.64,-2.35,-5.75,1.34,3.27,4.51,9.26,3.09,-7.41,5.21,-9.54,17,true
9bb841ba-714e-4e1c-bbc7-5b3a8557f08d,FIX,MYERS FRANKLIN,0001207002,,Director,2015-11-13,P,buy,4000,29.83,119320,0001179110-15-014925,2015-11-16,Industrials,Director,OPPORTUNISTIC,29.899999618530273,30.729999542236328,29.280000686645508,25.280000686645508,29.43000030517578,32.75,31.079999923706055,2.78,-2.07,-15.45,-1.57,9.53,3.95,true,false,true,0.18,-4.38,-9.72,-0.02,0.73,1.96,2.6,2.31,-5.73,-1.55,8.8,1.99,0,0,false
80cdf03e-64ec-46f4-a4f6-7ec334222bb1,FIX,MYERS FRANKLIN,0001207002,,Director,2016-02-26,P,buy,4000,28.94,115760,0001179110-16-020359,2016-02-26,Industrials,Director,OPPORTUNISTIC,28.65999984741211,30.549999237060547,33.16999816894531,31.350000381469727,31,31.389999389648438,29.020000457763672,6.59,15.74,9.39,8.16,9.53,1.26,true,true,true,4.18,7.09,7.3,2.31,11.05,11.67,2.41,8.65,2.09,5.85,-1.52,-10.41,-2.13,3,true
d1175279-0f87-43a2-8522-2ec2b1bc3879,FIX,MYERS FRANKLIN,0001207002,,Director,2016-04-29,P,buy,4200,29.3,123060,0001179110-16-023438,2016-04-29,Industrials,Director,OPPORTUNISTIC,29.489999771118164,32,30.920000076293945,31.920000076293945,28.549999237060547,29.260000228881836,27.25,8.51,4.85,8.24,-3.19,-0.78,-7.6,true,true,false,1.7,-1.52,5.06,5.83,3.83,3.59,6.81,6.37,3.18,-9.02,-4.61,-11.19,0,0,true
516c5ed7-02c9-4878-9e5a-023d9ec9d7cb,FIX,MYERS FRANKLIN,0001207002,,Director,2016-08-29,P,buy,4000,28.57,114280,0001179110-16-029091,2016-08-29,Industrials,Director,OPPORTUNISTIC,28.549999237060547,29.149999618530273,28.75,33,34.599998474121094,34.04999923706055,38.650001525878906,2.1,0.7,15.59,21.19,19.26,35.38,true,true,true,-0.79,-2.67,0.97,3.62,5.02,8.59,2.89,3.37,14.62,17.57,14.24,26.79,-8.02,16,true
5eb54931-1157-4586-b8b4-3edc91c03c70,FIX,MYERS FRANKLIN,0001207002,,Director,2017-03-03,P,buy,3500,37.82,132370,0001179110-17-003819,2017-03-03,Industrials,Director,OPPORTUNISTIC,37.599998474121094,35.5,36.20000076293945,34.54999923706055,37.150001525878906,33.29999923706055,33.70000076293945,-5.59,-3.72,-8.11,-1.2,-11.44,-10.37,false,false,false,-1.3,0.15,2.07,1.59,3.5,3.18,-4.29,-3.87,-10.18,-2.79,-14.94,-13.55,-7.05,21,false
cdcbfb12-ddcc-42b5-bbdc-9dd444f46097,FIX,MYERS FRANKLIN,0001207002,,Director,2017-05-03,P,buy,4000,35.39,141560,0001179110-17-006475,2017-05-03,Industrials,Director,OPPORTUNISTIC,35.650001525878906,34.900001525878906,37.150001525878906,33.5,34.04999923706055,36.79999923706055,42.650001525878906,-2.1,4.21,-6.03,-4.49,3.23,19.64,false,false,true,2.39,1.56,3.71,3.78,5.8,7.66,-4.49,2.65,-9.74,-8.27,-2.57,11.98,-3.37,27,false
daef95cf-cc6d-498c-ac58-d298987d9999,FIX,MYERS FRANKLIN,0001207002,,Director,2017-07-31,P,buy,5482,33.58,184085.56,0001179110-17-010820,2017-07-31,Industrials,Director,OPPORTUNISTIC,33.29999923706055,33.70000076293945,35.70000076293945,42.650001525878906,42.75,43.849998474121094,43.900001525878906,1.2,7.21,28.08,28.38,31.68,31.83,true,true,true,-0.31,1.81,4.04,6.52,8.55,15.36,1.51,5.4,24.04,21.86,23.13,16.47,-2.25,10,true
95ce3172-35ef-4e8b-92b6-759e54c2a0e8,FIX,MYERS FRANKLIN,0001207002,,Director,2017-11-14,P,buy,3000,40.23,120690,0001179110-17-014113,2017-11-14,Industrials,Director,OPPORTUNISTIC,40.25,42.54999923706055,43.099998474121094,40.5,42.349998474121094,40.650001525878906,44.75,5.71,7.08,0.62,5.22,0.99,11.18,true,true,true,3.08,7.47,2.95,6.82,2.88,5.92,2.63,-0.39,-2.33,-1.6,-1.89,5.26,0,0,true
d77133c5-773e-4ae3-bdb5-d0539976b77f,FIX,MYERS FRANKLIN,0001207002,,Director,2018-02-27,P,buy,2500,41.87,104675,0001179110-18-002956,2018-02-27,Industrials,Director,OPPORTUNISTIC,41.349998474121094,41.25,42.20000076293945,46.400001525878906,45.95000076293945,54.349998474121094,56.599998474121094,-0.24,2.06,12.21,11.12,31.44,36.88,false,true,true,-4.11,-3.61,-1.97,-1.85,2.55,5.59,3.87,5.67,14.18,12.97,28.89,31.29,-3.63,24,true
4ca19cd2-2029-4e12-a4e5-5db8f5927739,FIX,MYERS FRANKLIN,0001207002,,Director,2018-03-07,P,buy,2500,41.85,104625,0001179110-18-003734,2018-03-07,Industrials,Director,OPPORTUNISTIC,42.5,40.5,42.95000076293945,48.5,47.150001525878906,55.70000076293945,56.20000076293945,-4.71,1.06,14.12,10.94,31.06,32.24,false,true,true,-4.79,-2.15,0.85,0.12,4.35,6.24,0.08,3.21,13.27,10.82,26.71,26,-6.24,16,true
6a2719ad-2d78-4da6-a378-42128b861b6a,FIX,MYERS FRANKLIN,0001207002,,Director,2018-05-22,P,buy,3500,46.38,162330,0001179110-18-007406,2018-05-23,Industrials,Director,OPPORTUNISTIC,46,46.45000076293945,48.20000076293945,56.45000076293945,54.29999923706055,52,53.689998626708984,0.98,4.78,22.72,18.04,13.04,16.72,true,true,true,0.6,2.78,4.79,6.83,1.34,-1.29,0.38,2,17.93,11.21,11.7,18.01,-0.54,1,true
adc072f6-4f4b-4004-9f89-5521e9db6701,FIX,MYERS FRANKLIN,0001207002,,Director,2018-08-23,P,buy,3047,56.76,172947.72,0001179110-18-010842,2018-08-23,Industrials,Director,OPPORTUNISTIC,56.95000076293945,54.650001525878906,51.91999816894531,52.11000061035156,41.470001220703125,48.04999923706055,51.02000045776367,-4.04,-8.83,-8.5,-27.18,-15.63,-10.41,false,false,false,1.83,-3.77,-7.27,-15.78,-8.02,-2.78,-5.87,-5.06,-1.23,-11.4,-7.61,-7.63,-4.65,27,false
ba188e3f-f72a-49b7-9f82-a2e93c304097,FIX,MYERS FRANKLIN,0001207002,,Director,2018-11-19,P,buy,2500,54.25,135625,0001179110-18-012993,2018-11-19,Industrials,Director,OPPORTUNISTIC,53.689998626708984,43.20000076293945,48.15999984741211,51.02000045776367,52.27000045776367,57.59000015258789,48.27000045776367,-19.54,-10.3,-4.97,-2.64,7.26,-10.09,false,false,false,-6.63,-0.98,3.25,4.94,7.77,5.52,-12.91,-9.32,-8.22,-7.58,-0.51,-15.61,-19.54,30,false
97415a01-1d6a-4f85-9b5d-e3d5bd7ffb39,FIX,MYERS FRANKLIN,0001207002,,Director,2018-12-07,P,buy,3500,46.55,162925,0001179110-18-013622,2018-12-10,Industrials,Director,OPPORTUNISTIC,46.52000045776367,45.34000015258789,48.59000015258789,52.02000045776367,54.36000061035156,52.08000183105469,49.060001373291016,-2.54,4.45,11.82,16.85,11.95,5.46,false,true,true,-3.49,3.62,4.34,9.57,11.1,7.36,0.95,0.83,7.48,7.28,0.85,-1.9,-11.22,17,true
b1d9eab4-ab64-4280-83b4-da28e231cdc9,FIX,MYERS FRANKLIN,0001207002,,Director,2019-02-27,P,buy,4000,52.8371,211348.4,0001179110-19-002783,2019-02-28,Industrials,Director,OPPORTUNISTIC,53.59000015258789,52.38999938964844,52.58000183105469,48.97999954223633,50.630001068115234,40.470001220703125,37.04999923706055,-2.24,-1.88,-8.6,-5.52,-24.48,-30.86,false,false,false,1.17,5.25,0.34,4.41,7.97,3.15,-3.41,-7.13,-8.94,-9.93,-32.45,-34.01,-5.58,23,false
0cdcea58-0eae-4394-8514-6a4ca2e0cb24,FIX,MYERS FRANKLIN,0001207002,,Director,2019-04-29,P,buy,4500,53.6123,241255.35,0001179110-19-005267,2019-04-30,Industrials,Director,OPPORTUNISTIC,52.58000183105469,48.650001525878906,50.9900016784668,40.470001220703125,36.56999969482422,44.02000045776367,50.790000915527344,-7.47,-3.02,-23.03,-30.45,-16.28,-3.4,false,false,false,-5.31,-0.3,2.58,-2.38,1.07,3.21,-2.16,-2.72,-25.61,-28.07,-17.35,-6.61,-9.6,14,false
eb70c7f1-2f40-4f42-912d-a96217264699,FIX,MYERS FRANKLIN,0001207002,,Director,2019-08-01,P,buy,5500,41.8909,230399.95,0001179110-19-008953,2019-08-01,Industrials,Director,OPPORTUNISTIC,40.939998626708984,37.59000015258789,44.22999954223633,50.9900016784668,51.099998474121094,50.06999969482422,49,-8.18,8.04,24.55,24.82,22.3,19.69,false,true,true,-1.39,0.65,3.15,6.6,8.9,10.87,-6.79,7.39,21.4,18.22,13.4,8.82,-10.67,26,true
b6ffe5be-2260-40a9-98e1-a7319cf25397,FIX,MYERS FRANKLIN,0001207002,,Director,2019-09-06,P,buy,5000,38,190000,0001179110-19-010179,2019-09-09,Industrials,Director,OPPORTUNISTIC,37.97999954223633,42.630001068115234,51.31999969482422,49.349998474121094,49.400001525878906,46.970001220703125,44.25,12.24,35.12,29.94,30.07,23.67,16.51,true,true,true,-1.67,3.01,4.69,8.59,8.75,4.97,13.91,32.11,25.25,21.48,14.92,11.54,0,0,true
df9d70cf-d031-4193-ac6e-0b8f056b4c2e,FIX,MYERS FRANKLIN,0001207002,,Director,2019-12-03,P,buy,5000,49.4856,247428,0001179110-19-012307,2019-12-04,Industrials,Director,OPPORTUNISTIC,49.5099983215332,49.220001220703125,46.970001220703125,43.16999816894531,34.75,32.599998474121094,38.04999923706055,-0.59,-5.13,-12.81,-29.81,-34.15,-23.15,false,false,false,4.95,4.71,-0.15,-20.48,-8.64,-1.29,-5.54,-9.84,-12.66,-9.33,-25.51,-21.86,-1.49,8,false
a34f129b-9ec4-4d8f-a91b-f83ff5fdb09f,FIX,MYERS FRANKLIN,0001207002,,Director,2019-12-10,P,buy,2500,48.755,121887.5,0001179110-19-012660,2019-12-11,Industrials,Director,OPPORTUNISTIC,48.88999938964844,48.369998931884766,48.61000061035156,39.31999969482422,34.810001373291016,33.189998626708984,42.7400016784668,-1.06,-0.57,-19.57,-28.8,-32.11,-12.58,false,false,false,4.18,6.75,-12.53,-12.6,-6.73,3.08,-5.24,-7.32,-7.04,-16.2,-25.38,-15.66,-1.06,30,false
99018a59-2197-4210-9e74-0509df71e04d,FIX,Tang Vance W,0001479275,,Director,2020-05-04,P,buy,10000,31.94,319400,0001179110-20-005467,2020-05-05,Industrials,Director,OPPORTUNISTIC,31.75,40.7400016784668,40.79999923706055,50.79999923706055,52.470001220703125,52,46.630001068115234,28.31,28.5,60,65.26,63.78,46.87,true,true,true,10.09,11.81,15.95,24.34,18.86,16.44,18.22,16.69,44.05,40.92,44.92,30.43,-6.58,9,true
6f0ca4b7-b4ec-4965-8098-ee004e09487d,FIX,MYERS FRANKLIN,0001207002,,Director,2020-05-13,P,buy,3500,29.3818,102836.3,0001179110-20-005976,2020-05-14,Industrials,Director,OPPORTUNISTIC,29.65999984741211,37.72999954223633,38.97999954223633,54.29999923706055,50.86000061035156,57.97999954223633,48.41999816894531,27.21,31.42,83.07,71.48,95.48,63.25,true,true,true,8.03,11.8,18.18,18.57,25.15,25.91,19.18,19.62,64.89,52.91,70.33,37.34,0,0,true
1ec7de55-0572-40f6-82fb-5ee7a56c776a,FIX,MYERS FRANKLIN,0001207002,,Director,2020-09-09,P,buy,3500,49.965,174877.5,0001179110-20-009656,2020-09-10,Industrials,Director,OPPORTUNISTIC,49.880001068115234,57.63999938964844,48.41999816894531,51.349998474121094,58.540000915527344,64.77999877929688,73.48999786376953,15.56,-2.93,2.95,17.36,29.87,47.33,true,true,true,2.08,4.35,8.94,11.57,14.93,12.34,13.48,-7.28,-5.99,5.79,14.94,34.99,0,0,true
1f88a3ca-c948-4af2-bcf8-38d6b464615f,FIX,MYERS FRANKLIN,0001207002,,Director,2021-03-01,P,buy,2000,64.815,129630,0001179110-21-002414,2021-03-01,Industrials,Director,OPPORTUNISTIC,65.51000213623047,74.7699966430664,82.36000061035156,84.52999877929688,78.37999725341797,74.87000274658203,75.68000030517578,14.14,25.72,29.03,19.65,14.29,15.52,true,true,true,1.73,7.12,7.72,9.78,13.11,16.08,12.41,18.6,21.31,9.87,1.18,-0.56,0,0,true
5f01ae2a-4ab5-4327-8976-04fd87d705c2,JBL,RAYMUND STEVEN A,0001196754,,Director,2015-03-25,P,buy,21500,23.2125,499068.75,0001225208-15-008557,2015-03-26,Technology,Director,OPPORTUNISTIC,22.770000457763672,23.690000534057617,24.329999923706055,22.600000381469727,19.59000015258789,17.829999923706055,20.020000457763672,4.04,6.85,-0.75,-13.97,-21.7,-12.08,true,false,false,2.86,2.4,3.05,2.15,-7.9,-4.52,1.18,4.45,-3.8,-16.12,-13.8,-7.56,0,0,false
132e6ad6-6838-4061-a330-a92667f5627f,AMAT,SWAN ROBERT HOLMES,0001218363,,Director,2015-08-17,P,buy,11827,16.88,199639.76,0001127602-15-025442,2015-08-19,Technology,Director,OPPORTUNISTIC,17.030000686645508,16.170000076293945,15.829999923706055,17.739999771118164,18.459999084472656,16.809999465942383,16.719999313354492,-5.05,-7.05,4.17,8.4,-1.29,-1.82,false,true,false,-4.94,-3.48,-2.36,-2.64,-8.86,-9.88,-0.11,-3.57,6.53,11.04,7.57,8.06,-12.86,8,true
6fdd3a4a-982a-49bb-9282-103f9ea0bac3,ARES,Rosenthal Bennett,0001304465,Co-Founder & Partner,Co-Founder & Partner,2015-11-19,P,buy,62500,13.801,862562.5,0001104659-15-080542,2015-11-20,Financial Services,Co-Founder/Partner,OPPORTUNISTIC,13.8100004196167,12.869999885559082,11.210000038146973,11.960000038146973,13.859999656677246,15.4399995803833,13.699999809265137,-6.81,-18.83,-13.4,0.36,11.8,-0.8,false,false,false,-3.3,-9.82,-7.51,-2,0.33,-1.77,-3.51,-9.01,-5.89,2.36,11.47,0.97,-9.78,25,false
4760b747-faca-42d0-a391-80a6e8d52bf7,ARES,KAPLAN DAVID B,0001025976,Co-Founder & Partner,Co-Founder & Partner,2015-11-19,P,buy,62500,13.8463,865393.75,0001104659-15-080552,2015-11-20,Financial Services,Co-Founder/Partner,OPPORTUNISTIC,13.8100004196167,12.869999885559082,11.210000038146973,11.960000038146973,13.859999656677246,15.4399995803833,13.699999809265137,-6.81,-18.83,-13.4,0.36,11.8,-0.8,false,false,false,-3.3,-9.82,-7.51,-2,0.33,-1.77,-3.51,-9.01,-5.89,2.36,11.47,0.97,-9.78,25,false
d14d3c84-9c79-448e-98a9-cd0fc7fc0e56,ARES,Rosenthal Bennett,0001304465,Co-Founder & Partner,Co-Founder & Partner,2015-11-20,P,buy,29166,13.8488,403914.1,0001104659-15-080542,2015-11-20,Financial Services,Co-Founder/Partner,OPPORTUNISTIC,14,12.869999885559082,11.210000038146973,11.850000381469727,13.970000267028809,15.4399995803833,14,-8.07,-19.93,-15.36,-0.21,10.29,0,false,false,false,-3.65,-10.15,-8.23,-2.22,-0.03,-2.1,-4.42,-9.78,-7.13,2.01,10.32,2.1,-11,24,false
784a0ba4-709c-45f2-8f8b-31d4f1101a8f,ARES,KAPLAN DAVID B,0001025976,Co-Founder & Partner,Co-Founder & Partner,2015-11-20,P,buy,29167,13.8488,403927.95,0001104659-15-080552,2015-11-20,Financial Services,Co-Founder/Partner,OPPORTUNISTIC,14,12.869999885559082,11.210000038146973,11.850000381469727,13.970000267028809,15.4399995803833,14,-8.07,-19.93,-15.36,-0.21,10.29,0,false,false,false,-3.65,-10.15,-8.23,-2.22,-0.03,-2.1,-4.42,-9.78,-7.13,2.01,10.32,2.1,-11,24,false
c6330d44-8cf8-46ee-8ec6-d310e9ed093c,ARES,KAPLAN DAVID B,0001025976,Co-Founder & Partner,Co-Founder & Partner,2015-12-01,P,buy,7329,14.1412,103640.85,0001104659-15-082322,2015-12-01,Financial Services,Co-Founder/Partner,OPPORTUNISTIC,14.100000381469727,12.930000305175781,11.239999771118164,11.899999618530273,15.239999771118164,14.510000228881836,14.100000381469727,-8.3,-20.28,-15.6,8.09,2.91,0,false,false,false,-3.23,-8.08,-8.13,-2.21,-2.06,-0.4,-5.07,-12.2,-7.47,10.3,4.97,0.4,-11.63,13,false
835d8f9d-3bca-4003-916b-d88c55bdb914,ARES,Rosenthal Bennett,0001304465,Co-Founder & Partner,Co-Founder & Partner,2015-12-01,P,buy,7329,14.1412,103640.85,0001104659-15-082326,2015-12-01,Financial Services,Co-Founder/Partner,OPPORTUNISTIC,14.100000381469727,12.930000305175781,11.239999771118164,11.899999618530273,15.239999771118164,14.510000228881836,14.100000381469727,-8.3,-20.28,-15.6,8.09,2.91,0,false,false,false,-3.23,-8.08,-8.13,-2.21,-2.06,-0.4,-5.07,-12.2,-7.47,10.3,4.97,0.4,-11.63,13,false
b36f644f-c07c-402b-b612-f90372686323,ARES,KAPLAN DAVID B,0001025976,Co-Founder & Partner,Co-Founder & Partner,2015-12-02,P,buy,8025,14.4108,115646.67,0001104659-15-082807,2015-12-03,Financial Services,Co-Founder/Partner,OPPORTUNISTIC,14.199999809265137,12.8100004196167,11.239999771118164,12.109999656677246,15.399999618530273,14.920000076293945,14.100000381469727,-9.79,-20.85,-14.72,8.45,5.07,-0.7,false,false,false,-3.6,-7.14,-5,-1.44,-0.27,0.63,-6.19,-13.71,-9.72,9.89,5.34,-1.33,-12.25,12,false
caaa981f-26e3-4af8-986f-5b3512329db9,ARES,Rosenthal Bennett,0001304465,Co-Founder & Partner,Co-Founder & Partner,2015-12-02,P,buy,8026,14.4108,115661.08,0001104659-15-083029,2015-12-04,Financial Services,Co-Founder/Partner,OPPORTUNISTIC,14.199999809265137,12.8100004196167,11.239999771118164,12.109999656677246,15.399999618530273,14.920000076293945,14.100000381469727,-9.79,-20.85,-14.72,8.45,5.07,-0.7,false,false,false,-3.6,-7.14,-5,-1.44,-0.27,0.63,-6.19,-13.71,-9.72,9.89,5.34,-1.33,-12.25,12,false
be683a19-0316-4b55-82b1-b348b4dc7b54,ARES,ARES MANAGEMENT LLC,0001259313,,Director,2016-03-31,P,buy,125000,8.6474,1080925,0001104659-16-109669,2016-04-04,Financial Services,Director,OPPORTUNISTIC,15.399999618530273,14.920000076293945,14.100000381469727,13.619999885559082,17.350000381469727,17.6299991607666,18.600000381469727,-3.12,-8.44,-11.56,12.66,14.48,20.78,false,false,true,1.19,2.1,0.55,5.64,6.25,4.89,-4.31,-10.54,-12.11,7.02,8.23,15.89,-5.78,29,false
93cb6a36-62db-4ebc-9631-5022cc1daa6a,ARES,ARES MANAGEMENT LLC,0001259313,,Director,2016-04-01,P,buy,80000,8.7005,696040,0001104659-16-109669,2016-04-04,Financial Services,Director,OPPORTUNISTIC,15.300000190734863,14.920000076293945,14.100000381469727,14.09000015258789,17.260000228881836,17.6299991607666,18.950000762939453,-2.48,-7.84,-7.91,12.81,15.23,23.86,false,false,true,0.51,1.41,1.24,4.84,5.53,4.7,-2.99,-9.25,-9.15,7.97,9.7,19.16,-5.16,28,false
1b5287ac-7cd2-475d-a933-eb580b26d399,ARES,ARES MANAGEMENT LLC,0001259313,,Director,2016-04-04,P,buy,82000,9.1163,747536.6,0001104659-16-109669,2016-04-04,Financial Services,Director,OPPORTUNISTIC,15.09000015258789,14.210000038146973,14.199999809265137,14.119999885559082,16.860000610351562,18.920000076293945,18.020000457763672,-5.83,-5.9,-6.43,11.73,25.38,19.42,false,false,true,-0.6,1.95,1.05,4.51,5.4,4.62,-5.23,-7.85,-7.48,7.22,19.98,14.8,-5.83,30,false
fe80e34a-f752-4338-bfd3-462670748738,ARES,ARES MANAGEMENT LLC,0001259313,,Director,2016-04-05,P,buy,76618,9.3899,719435.36,0001104659-16-110377,2016-04-07,Financial Services,Director,OPPORTUNISTIC,14.869999885559082,14.119999885559082,14.260000228881836,14.119999885559082,17.09000015258789,18.110000610351562,18.020000457763672,-5.04,-4.1,-5.04,14.93,21.79,21.18,false,false,true,0.38,3.51,2.07,5.87,6.94,5.68,-5.42,-7.61,-7.11,9.06,14.85,15.5,-5.04,30,false
7a484132-8b96-424b-aefc-01f64d5ddb1d,ARES,ARES MANAGEMENT LLC,0001259313,,Director,2016-05-11,P,buy,140000,16.4015,2296210,0001104659-16-120987,2016-05-13,Financial Services,Director,OPPORTUNISTIC,13.989999771118164,13.90999984741211,15.420000076293945,17.030000686645508,18.31999969482422,18.549999237060547,15.350000381469727,-0.57,10.22,21.73,30.95,32.59,9.72,false,true,true,1.73,3.34,5.66,5.82,4.68,3.22,-2.3,6.88,16.07,25.13,27.91,6.5,-3.5,5,true
42059c6a-6205-431f-b709-c6cd3770864f,ARES,ARES MANAGEMENT LLC,0001259313,,Director,2016-05-12,P,buy,208600,17.813,3715791.8,0001104659-16-120987,2016-05-13,Financial Services,Director,OPPORTUNISTIC,13.899999618530273,13.65999984741211,15.420000076293945,17.040000915527344,18.239999771118164,18.549999237060547,15.350000381469727,-1.73,10.94,22.59,31.22,33.45,10.43,false,true,true,0.91,3.31,5.36,3.25,4.65,3.66,-2.64,7.63,17.23,27.97,28.8,6.77,-2.88,4,true
6d221643-7e41-4865-b182-cdbd8156b397,ARES,ARES MANAGEMENT LLC,0001259313,,Director,2016-05-13,P,buy,166805,19.4181,3239036.17,0001104659-16-120987,2016-05-13,Financial Services,Director,OPPORTUNISTIC,13.539999961853027,13.65999984741211,15.1899995803833,17.1200008392334,18.520000457763672,18.549999237060547,15.399999618530273,0.89,12.19,26.44,36.78,37,13.74,true,true,true,1.8,4.98,6.78,5.66,5.57,5.67,-0.91,7.21,19.66,31.12,31.43,8.07,-0.3,3,true
c851d4da-c1bb-46e6-8ba9-b72d50ba8c3f,ARES,ARES MANAGEMENT LLC,0001259313,,Director,2016-05-24,P,buy,5145,24.9969,128609.05,0001104659-16-123753,2016-05-26,Financial Services,Director,OPPORTUNISTIC,13.930000305175781,14.020000457763672,16.600000381469727,17.6200008392334,18.420000076293945,17.100000381469727,18.1200008392334,0.65,19.17,26.49,32.23,22.76,30.08,true,true,true,1.41,4.22,5.13,3.82,2.94,5.91,-0.76,14.95,21.36,28.41,19.82,24.17,-4.67,24,true
26a64e5e-f2a0-4c92-8041-9d02e57d3f30,ARES,ARES MANAGEMENT LLC,0001259313,,Director,2016-06-01,P,buy,87461,24.9293,2180341.51,0001104659-16-125480,2016-06-03,Financial Services,Director,OPPORTUNISTIC,14.1899995803833,14.15999984741211,17.260000228881836,18,18.649999618530273,16.75,17,-0.21,21.63,26.85,31.43,18.04,19.8,false,true,true,-0.17,3.17,3.68,2.1,1.08,4.86,-0.04,18.46,23.17,29.33,16.96,14.94,-13.67,27,true
e21a92d3-7b26-4fd3-b76a-5f22d9655133,ARES,ARES MANAGEMENT LLC,0001259313,,Director,2016-06-03,P,buy,70776,25.5161,1805927.49,0001104659-16-125480,2016-06-03,Financial Services,Director,OPPORTUNISTIC,14.199999809265137,14.119999885559082,16.860000610351562,18.920000076293945,18.020000457763672,16.75,17.100000381469727,-0.56,18.73,33.24,26.9,17.96,20.42,false,true,true,-0.89,2.51,3.38,2.62,1.08,4.8,0.33,16.22,29.86,24.28,16.88,15.62,-13.73,25,true
703c5643-b6c2-43b6-aaec-0e1789c205da,ARES,ARES MANAGEMENT LLC,0001259313,,Director,2016-08-29,P,buy,5051100,29.6965,149999991.15,0001104659-16-141935,2016-08-29,Financial Services,Director,OPPORTUNISTIC,17.6299991607666,18.950000762939453,17,17,18.100000381469727,19.75,21.799999237060547,7.49,-3.57,-3.57,2.67,12.02,23.65,true,false,true,-0.79,-2.67,0.97,3.62,5.02,8.59,8.28,-0.9,-4.54,-0.95,7,15.06,0,0,false
eac4919e-06be-41cc-a51b-7c8f7c916477,ARES,ARES MANAGEMENT LLC,0001259313,,Director,2017-05-02,P,buy,25456521,1.47,37421085.87,0001104659-17-029663,2017-05-04,Financial Services,Director,OPPORTUNISTIC,19.25,18.049999237060547,18.299999237060547,18.5,18.149999618530273,18.649999618530273,18.549999237060547,-6.23,-4.94,-3.9,-5.71,-3.12,-3.64,false,false,false,1.92,1.44,3.35,3.03,5.22,7.53,-8.15,-6.38,-7.25,-8.74,-8.34,-11.17,-6.23,2,false
c4922248-822c-4fd5-8f11-f4d37f578583,ARES,ARES MANAGEMENT LLC,0001259313,,Director,2017-05-18,P,buy,409404,1.1117,455134.43,0001104659-17-034387,2017-05-22,Financial Services,Director,OPPORTUNISTIC,18.5,17.899999618530273,18.350000381469727,17.899999618530273,18.299999237060547,18.649999618530273,18.950000762939453,-3.24,-0.81,-3.24,-1.08,0.81,2.43,false,false,true,3.33,3.7,4.3,5.25,7.82,8.85,-6.57,-4.51,-7.54,-6.33,-7.01,-6.42,-4.32,28,false
3f2e3ad1-778e-46d9-8881-d8fa53089f55,ARES,ARES MANAGEMENT LLC,0001259313,,Director,2017-05-19,P,buy,409404,1.1644,476710.02,0001104659-17-034387,2017-05-22,Financial Services,Director,OPPORTUNISTIC,18.350000381469727,17.899999618530273,18.5,17.75,18.399999618530273,18.649999618530273,18.799999237060547,-2.45,0.82,-3.27,0.27,1.63,2.45,false,false,true,2.66,3.08,2.01,4.79,7.13,7.61,-5.11,-2.26,-5.28,-4.52,-5.5,-5.16,-3.54,27,false
37eebac5-a40c-4074-88cd-1b35f04ca0ea,ARES,ARES MANAGEMENT LLC,0001259313,,Director,2017-05-22,P,buy,514227,1.1959,614964.07,0001104659-17-034387,2017-05-22,Financial Services,Director,OPPORTUNISTIC,18.700000762939453,17.549999237060547,18.75,17.75,18.299999237060547,18.25,18.75,-6.15,0.27,-5.08,-2.14,-2.41,0.27,false,false,true,1.43,3.07,1.41,4.36,6.79,7.84,-7.58,-2.8,-6.49,-6.5,-9.2,-7.57,-6.15,30,false
e5a86e04-68ec-4913-9bb1-8ada35223595,ARES,ARES MANAGEMENT LLC,0001259313,,Director,2017-05-23,P,buy,514227,1.2289,631933.56,0001104659-17-035262,2017-05-25,Financial Services,Director,OPPORTUNISTIC,18.510000228881836,17.5,18.600000381469727,17.75,18.350000381469727,18.549999237060547,18.75,-5.46,0.49,-4.11,-0.86,0.22,1.3,false,false,true,1.16,2.82,1.19,4.17,7.11,7.6,-6.62,-2.33,-5.3,-5.03,-6.89,-6.3,-5.46,30,false
c1b70dad-3d63-4c39-aa14-9c4f459e12af,ARES,ARES MANAGEMENT LLC,0001259313,,Director,2018-02-09,P,buy,1113466,6.9,7682915.4,0001104659-18-009140,2018-02-13,Financial Services,Director,OPPORTUNISTIC,21.600000381469727,22,22.049999237060547,22.049999237060547,21.649999618530273,21.450000762939453,21,1.85,2.08,2.08,0.23,-0.69,-2.78,true,true,false,6.51,1.4,4.02,6.52,6.27,9.16,-4.66,0.68,-1.94,-6.29,-6.96,-11.94,0,0,true
906e0165-afd3-4f3b-80ef-7cc1479f72ee,ARES,ARES MANAGEMENT LLC,0001259313,,10% Owner,2021-06-04,P,buy,138000,30.21,4168980,0001104659-21-078382,2021-06-08,Financial Services,10% Owner,OPPORTUNISTIC,56.56999969482422,65.01000213623047,72.77999877929688,78.81999969482422,73.25,83.98999786376953,81.05000305175781,14.92,28.65,39.33,29.49,48.47,43.27,true,true,true,2.44,4.39,7.24,1.43,8.86,6.6,12.48,24.26,32.09,28.06,39.61,36.67,0,0,true
03b21bf0-ae80-44bc-99a6-5cd132d5ecce,ARES,ARES MANAGEMENT LLC,0001259313,,10% Owner,2021-09-24,P,buy,98395,26.95,2651745.25,0001104659-21-120395,2021-09-28,Financial Services,10% Owner,OPPORTUNISTIC,77.27999877929688,83.58999633789062,85.58000183105469,81.36000061035156,72.63999938964844,75.5199966430664,78.66999816894531,8.17,10.74,5.28,-6,-2.28,1.8,true,true,true,2.62,5.47,6.01,-0.92,-3.23,-0.02,5.55,5.27,-0.73,-5.08,0.95,1.82,-5.31,4,true
ea2b90a3-2ef4-46c9-8b03-5000a8a59f63,ARES,ARES MANAGEMENT LLC,0001259313,,10% Owner,2022-05-31,P,buy,150000,8.4716,1270740,0001104659-22-069428,2022-06-08,Financial Services,10% Owner,OPPORTUNISTIC,71.16999816894531,56.86000061035156,72.7699966430664,73.33000183105469,65.2300033569336,76.88999938964844,77.20999908447266,-20.11,2.25,3.03,-8.35,8.04,8.49,false,true,true,-8.64,-0.52,-2.49,-10.27,-5.79,-4.12,-11.47,2.77,5.52,1.92,13.83,12.61,-24.53,16,true
82e8dcc4-abe7-4bcb-a7d0-a9050c91bcd8,ARES,ARES MANAGEMENT LLC,0001259313,,10% Owner,2022-06-01,P,buy,123278,8.557,1054889.85,0001104659-22-069428,2022-06-08,Financial Services,10% Owner,OPPORTUNISTIC,69.83999633789062,58.54999923706055,72.7699966430664,73.52999877929688,62.45000076293945,75.83000183105469,77.20999908447266,-16.17,4.2,5.28,-10.58,8.58,10.55,false,true,true,-6.92,0.29,-2.78,-11.43,-5.71,-3.34,-9.25,3.91,8.06,0.85,14.29,13.89,-23.1,15,true
a6218095-f16f-4e73-a622-e5baf4c899a1,ARES,ARES MANAGEMENT LLC,0001259313,,10% Owner,2022-06-02,P,buy,20022,8.7413,175018.31,0001104659-22-069428,2022-06-08,Financial Services,10% Owner,OPPORTUNISTIC,72.4000015258789,60.029998779296875,72.7699966430664,74.13999938964844,61.95000076293945,75.83000183105469,77.33999633789062,-17.09,0.51,2.4,-14.43,4.74,6.82,false,true,true,-8.49,-1.59,-5.32,-14.43,-7.47,-5.31,-8.6,2.1,7.72,0,12.21,12.13,-25.81,14,true
cd90104c-22a4-46c6-ae1a-1b23d6e04752,ARES,ARES MANAGEMENT LLC,0001259313,,10% Owner,2022-06-03,P,buy,56700,8.614,488413.8,0001104659-22-069428,2022-06-08,Financial Services,10% Owner,OPPORTUNISTIC,73.31999969482422,60.029998779296875,72.63999938964844,73.12000274658203,64.0199966430664,75.83000183105469,78.38999938964844,-18.13,-0.93,-0.27,-12.68,3.42,6.91,false,false,true,-6.96,-0.6,-3.44,-10.7,-5.93,-0.7,-11.17,-0.33,3.17,-1.98,9.35,7.61,-26.75,13,false
13be6d41-df79-425a-b746-923eeae0b0ba,ARES,ARES MANAGEMENT LLC,0001259313,,10% Owner,2022-06-06,P,buy,75568,8.4666,639804.03,0001104659-22-069428,2022-06-08,Financial Services,10% Owner,OPPORTUNISTIC,73.37000274658203,59.380001068115234,73.33000183105469,73.08000183105469,68.66999816894531,77,72.41999816894531,-19.07,-0.05,-0.4,-6.41,4.95,-1.29,false,false,false,-6.93,0.41,-5.11,-8.21,-9.9,-2.96,-12.14,-0.46,4.71,1.8,14.85,1.67,-26.8,10,false
3a631444-b933-4ae8-b799-06cc89be36a1,ARES,ARES MANAGEMENT LLC,0001259313,,10% Owner,2022-09-26,P,buy,200000,1.3521,270420,0001104659-22-103749,2022-09-28,Financial Services,10% Owner,OPPORTUNISTIC,63.7400016784668,72.16999816894531,78.47000122070312,66.93000030517578,78.55999755859375,81.97000122070312,81.08999633789062,13.23,23.11,5,23.25,28.6,27.22,true,true,true,4.86,10.44,4.69,9.85,9.98,8.83,8.37,12.67,0.31,13.4,18.62,18.39,-4.17,18,true
94c1bc06-b8c9-4929-894a-e101a4f99782,ARES,ARES MANAGEMENT LLC,0001259313,,10% Owner,2022-09-27,P,buy,200000,1.3951,279020,0001104659-22-103749,2022-09-28,Financial Services,10% Owner,OPPORTUNISTIC,64.08000183105469,74.12000274658203,77.20999908447266,66.93000030517578,78.4000015258789,80.16999816894531,81.08999633789062,15.67,20.49,4.45,22.35,25.11,26.54,true,true,true,4.57,8.95,4.96,10.17,9.08,9.11,11.1,11.54,-0.51,12.18,16.03,17.43,-4.68,17,true
d39e5945-6b62-41ca-a43b-179aadc584e1,ARES,ARES MANAGEMENT LLC,0001259313,,10% Owner,2022-09-28,P,buy,200000,1.3971,279420,0001104659-22-104575,2022-09-30,Financial Services,10% Owner,OPPORTUNISTIC,65.2300033569336,76.88999938964844,77.20999908447266,66.93000030517578,81.20999908447266,80.1500015258789,81.08999633789062,17.88,18.37,2.61,24.5,22.87,24.31,true,true,true,4.99,6.85,2.93,9.24,7.34,7.01,12.89,11.52,-0.32,15.26,15.53,17.3,-6.36,16,true
c991e4a4-cce0-4747-bbba-639d37659c2b,ARES,ARES MANAGEMENT LLC,0001259313,,10% Owner,2022-09-29,P,buy,200000,1.375,275000,0001104659-22-104575,2022-09-30,Financial Services,10% Owner,OPPORTUNISTIC,62.45000076293945,75.83000183105469,77.20999908447266,66.31999969482422,82.9000015258789,80.1500015258789,80.0999984741211,21.43,23.63,6.2,32.75,28.34,28.26,true,true,true,6.46,9.13,3.82,11.82,9.63,9.04,14.97,14.5,2.38,20.93,18.71,19.22,-2.19,15,true
37ad932a-b141-448f-8042-658f2c9df409,ARES,ARES MANAGEMENT LLC,0001259313,,10% Owner,2022-09-30,P,buy,200000,1.4298,285960,0001104659-22-105819,2022-10-04,Financial Services,10% Owner,OPPORTUNISTIC,61.95000076293945,75.83000183105469,77.33999633789062,68.66999816894531,81.18000030517578,80.1500015258789,81.4000015258789,22.41,24.84,10.85,31.04,29.38,31.4,true,true,true,8.13,10.65,7.35,12.15,11.35,12.37,14.28,14.19,3.5,18.89,18.03,19.03,-1.4,14,true
173cf55a-fec6-44d3-8886-20a27888f5ea,ARES,ARES MANAGEMENT LLC,0001259313,,10% Owner,2022-10-03,P,buy,200000,1.4922,298440,0001104659-22-105819,2022-10-04,Financial Services,10% Owner,OPPORTUNISTIC,64.0199966430664,76.62999725341797,75.97000122070312,68.3499984741211,82.98999786376953,81.16000366210938,82.2699966430664,19.7,18.67,6.76,29.63,26.77,28.51,true,true,true,2.25,10.99,3.88,10.88,8.51,12.09,17.45,7.68,2.88,18.75,18.26,16.42,-4.59,11,true
b810f510-a7a0-4f0b-a244-2bcf6cf27ba3,ARES,ARES MANAGEMENT LLC,0001259313,,10% Owner,2022-10-04,P,buy,200000,1.5766,315320,0001104659-22-106767,2022-10-06,Financial Services,10% Owner,OPPORTUNISTIC,68.66999816894531,77,72.41999816894531,68.3499984741211,84.66000366210938,83.12000274658203,82.2699966430664,12.13,5.46,-0.47,23.29,21.04,19.8,true,false,true,-1.84,5.72,0.75,8.69,6.94,8.73,13.97,-0.26,-1.22,14.6,14.1,11.07,-11.05,10,false
9a88cfaa-c8e1-40b7-8148-89fb68d9ad8f,ARES,ARES MANAGEMENT LLC,0001259313,,10% Owner,2022-10-05,P,buy,200000,1.6023,320460,0001104659-22-106767,2022-10-06,Financial Services,10% Owner,OPPORTUNISTIC,68.19999694824219,78.44999694824219,72.41999816894531,68.3499984741211,84.62999725341797,83.7300033569336,82.2699966430664,15.03,6.19,0.22,24.09,22.77,20.63,true,true,true,-0.2,5.97,0.99,10.53,7.26,8.98,15.23,0.22,-0.77,13.56,15.51,11.65,-10.44,9,true
f6271844-e476-4d47-8e7c-1b0fbaf1ed51,ARES,ARES MANAGEMENT LLC,0001259313,,10% Owner,2022-10-06,P,buy,200000,1.6217,324340,0001104659-22-107705,2022-10-11,Financial Services,10% Owner,OPPORTUNISTIC,67.22000122070312,79.5999984741211,72.41999816894531,69.4000015258789,85.02999877929688,83.7300033569336,80.87000274658203,18.42,7.74,3.24,26.5,24.56,20.31,true,true,true,1.81,7.07,2.83,10.49,8.38,9.5,16.61,0.67,0.41,16.01,16.18,10.81,-9.13,8,true
9886f364-2eb6-41da-89d0-736d505c6b82,ARES,ARES MANAGEMENT LLC,0001259313,,10% Owner,2022-10-07,P,buy,200000,1.5662,313240,0001104659-22-107705,2022-10-11,Financial Services,10% Owner,OPPORTUNISTIC,65.19000244140625,79.5999984741211,72.25,67.45999908447266,84.62000274658203,83.7300033569336,79.22000122070312,22.1,10.83,3.48,29.81,28.44,21.52,true,true,true,4.73,8.56,4.57,12.97,11.49,12.35,17.37,2.27,-1.09,16.84,16.95,9.17,-6.3,7,true
d07406f8-2f32-4e5b-8304-0642e77304b0,ARES,ARES MANAGEMENT LLC,0001259313,,10% Owner,2022-10-10,P,buy,200000,1.5899,317980,0001104659-22-108085,2022-10-12,Financial Services,10% Owner,OPPORTUNISTIC,63.77000045776367,79.1500015258789,69.16000366210938,71.80999755859375,85.8499984741211,79.93000030517578,80.54000091552734,24.12,8.45,12.61,34.62,25.34,26.3,true,true,true,3.92,9.24,7.73,15.32,8.76,13.77,20.2,-0.79,4.88,19.3,16.58,12.53,-4.22,4,true
a152033e-66c0-4884-afe7-2cebab65ccc7,ARES,ARES MANAGEMENT LLC,0001259313,,10% Owner,2022-10-11,P,buy,200000,1.5943,318860,0001104659-22-108085,2022-10-12,Financial Services,10% Owner,OPPORTUNISTIC,61.459999084472656,85.05000305175781,71.0999984741211,71.80999755859375,85.54000091552734,74.51000213623047,80.54000091552734,38.38,15.68,16.84,39.18,21.23,31.04,true,true,true,10.33,11.52,8.42,14.79,7.87,14.5,28.05,4.16,8.42,24.39,13.36,16.54,-0.62,3,true
ca3acca1-4a99-427b-81a0-b6211265782f,ARES,ARES MANAGEMENT LLC,0001259313,,10% Owner,2022-10-12,P,buy,200000,1.6343,326860,0001104659-22-108838,2022-10-14,Financial Services,10% Owner,OPPORTUNISTIC,61.66999816894531,84.0999984741211,71.0999984741211,72.43000030517578,83.37999725341797,72.7300033569336,80.54000091552734,36.37,15.29,17.45,35.2,17.93,30.6,true,true,true,11.77,11.89,9.54,14.17,8.08,14.88,24.6,3.4,7.91,21.03,9.85,15.72,-0.96,2,true
b3d6303b-26fb-4e96-962d-1c0a6e692558,ARES,ARES MANAGEMENT LLC,0001259313,,10% Owner,2022-10-13,P,buy,200000,1.5851,317020,0001104659-22-108838,2022-10-14,Financial Services,10% Owner,OPPORTUNISTIC,62.84000015258789,79.52999877929688,71.0999984741211,74.05999755859375,85.33999633789062,72.7300033569336,80.55000305175781,26.56,13.14,17.85,35.81,15.74,28.18,true,true,true,7.97,9.01,8.07,11.5,5.3,11.95,18.59,4.13,9.78,24.31,10.44,16.23,-2.8,1,true
e2041653-4174-46e2-8ab5-983ae49c484e,ARES,ARES MANAGEMENT LLC,0001259313,,10% Owner,2022-10-14,P,buy,200000,1.4746,294920,0001104659-22-109752,2022-10-18,Financial Services,10% Owner,OPPORTUNISTIC,61.08000183105469,79.52999877929688,73.43000030517578,76.75,84.95999908447266,72.7300033569336,81.6500015258789,30.21,20.22,25.65,39.1,19.07,33.68,true,true,true,10.48,12.4,11,15.43,7.75,14.1,19.73,7.82,14.65,23.67,11.32,19.58,0,0,true
5ce9e5cd-8060-4dde-a1dc-e79a46f16872,ARES,ARES MANAGEMENT LLC,0001259313,,10% Owner,2023-01-13,P,buy,330000,1.3937,459921,0001104659-23-004343,2023-01-17,Financial Services,10% Owner,OPPORTUNISTIC,77.47000122070312,84.95999908447266,75.66999816894531,84.62999725341797,83.2699966430664,92.91999816894531,96.66000366210938,9.67,-2.32,9.24,7.49,19.94,24.77,true,true,true,3.6,-1.7,3.76,3.64,8.86,11.92,6.07,-0.62,5.48,3.85,11.08,12.85,-1.99,6,true
10f5556a-0fbc-4f9c-be69-4121e9641b2b,ARES,ARES MANAGEMENT LLC,0001259313,,10% Owner,2023-01-17,P,buy,400000,1.3603,544120,0001104659-23-005118,2023-01-19,Financial Services,10% Owner,OPPORTUNISTIC,78.06999969482422,83.5,74.73999786376953,82.94999694824219,83.19999694824219,94.43000030517578,100.94999694824219,6.96,-4.27,6.25,6.57,20.96,29.31,true,true,true,2.64,-1.01,4.07,4.39,10.48,13.34,4.32,-3.26,2.18,2.18,10.48,15.97,-2.74,2,true
c04dbad1-f588-422e-9089-4c1394176772,ARES,ARES MANAGEMENT LLC,0001259313,,10% Owner,2023-01-18,P,buy,700000,1.3694,958580,0001104659-23-005425,2023-01-20,Financial Services,10% Owner,OPPORTUNISTIC,77.97000122070312,83.11000061035156,74.73999786376953,85.81999969482422,83.11000061035156,93.37999725341797,100.94999694824219,6.59,-4.14,10.07,6.59,19.76,29.47,true,true,true,4.03,0.57,5.8,7.09,11.67,15.16,2.56,-4.71,4.27,-0.5,8.09,14.31,-2.62,1,true
1051eccd-2801-422d-b2f3-704b08b1d9c1,ARES,ARES MANAGEMENT LLC,0001259313,,10% Owner,2023-01-19,P,buy,300000,1.3278,398340,0001104659-23-005425,2023-01-20,Financial Services,10% Owner,OPPORTUNISTIC,75.93000030517578,80.5199966430664,74.73999786376953,86.88999938964844,83.63999938964844,93.37999725341797,101.75,6.05,-1.57,14.43,10.15,22.98,34.01,true,true,true,2.69,1.31,6.56,7.71,12.49,16.87,3.36,-2.88,7.87,2.44,10.49,17.14,0,0,true
eead75ab-4f51-4817-b882-2e5e2842cd60,ARES,ARES MANAGEMENT LLC,0001259313,,10% Owner,2023-01-20,P,buy,500000,1.4418,720900,0001104659-23-006290,2023-01-24,Financial Services,10% Owner,OPPORTUNISTIC,78.62999725341797,80.5199966430664,78.5199966430664,86.26000213623047,85.12999725341797,93.37999725341797,102.06999969482422,2.4,-0.14,9.7,8.27,18.76,29.81,true,true,true,0.81,0.77,4.04,5.79,10.43,14.98,1.59,-0.91,5.66,2.48,8.33,14.83,-0.29,5,true
7a8ecb5a-265d-4bc1-8af4-f1c5879156c9,ARES,ARES MANAGEMENT LLC,0001259313,,10% Owner,2023-01-23,P,buy,730000,1.6522,1206106,0001104659-23-006290,2023-01-24,Financial Services,10% Owner,OPPORTUNISTIC,79.63999938964844,80.83000183105469,80.4000015258789,86.8499984741211,84.73999786376953,92.5999984741211,100.47000122070312,1.49,0.95,9.05,6.4,16.27,26.16,true,true,true,-0.52,-1.22,3,3.36,8.96,13.37,2.01,2.17,6.05,3.04,7.31,12.79,-1.56,2,true
4d4152a0-d8a5-40ec-a81f-291383afa43e,ARES,ARES MANAGEMENT LLC,0001259313,,10% Owner,2023-01-24,P,buy,721000,1.6462,1186910.2,0001104659-23-007104,2023-01-26,Financial Services,10% Owner,OPPORTUNISTIC,78.55999755859375,81.97000122070312,81.08999633789062,86.8499984741211,83.37000274658203,90.41000366210938,100.47000122070312,4.34,3.22,10.55,6.12,15.08,27.89,true,true,true,0.11,-0.93,3.11,2.72,8.25,13.49,4.23,4.15,7.44,3.4,6.83,14.4,-0.2,1,true
962198dc-d818-467b-89ff-d66bb1e6a895,ARES,ARES MANAGEMENT LLC,0001259313,,10% Owner,2023-01-25,P,buy,875000,1.5616,1366400,0001104659-23-007104,2023-01-26,Financial Services,10% Owner,OPPORTUNISTIC,78.4000015258789,80.16999816894531,81.08999633789062,83.2699966430664,84.27999877929688,91.70999908447266,100.47000122070312,2.26,3.43,6.21,7.5,16.98,28.15,true,true,true,-0.99,-0.96,1.43,3.57,7.77,13.45,3.25,4.39,4.78,3.93,9.21,14.7,0,0,true
89455eb7-1fb7-4110-bdef-ae7e5b2c88a3,ARES,ARES MANAGEMENT LLC,0001259313,,10% Owner,2023-01-26,P,buy,597518,1.7347,1036514.47,0001104659-23-008147,2023-01-30,Financial Services,10% Owner,OPPORTUNISTIC,81.20999908447266,80.1500015258789,81.08999633789062,81.62999725341797,85.19999694824219,91.70999908447266,101.38999938964844,-1.31,-0.15,0.52,4.91,12.93,24.85,false,true,true,-1.73,-2.04,-0.1,3.77,6.59,12.52,0.42,1.89,0.62,1.14,6.34,12.33,-1.28,29,true
4e8c83d2-20eb-4d10-837c-96783411e13a,ARES,ARES MANAGEMENT LLC,0001259313,,10% Owner,2023-01-27,P,buy,525902,1.7969,944993.3,0001104659-23-008147,2023-01-30,Financial Services,10% Owner,OPPORTUNISTIC,82.9000015258789,80.1500015258789,80.0999984741211,83.44999694824219,87.36000061035156,91.70999908447266,100.58999633789062,-3.32,-3.38,0.66,5.38,10.63,21.34,false,true,true,-1.96,-2.48,1.66,3.57,6.35,12.28,-1.36,-0.9,-1,1.81,4.28,9.06,-3.29,28,true
18625a5c-25b2-4fa0-ae9a-5ef640f4c04b,ARES,ARES MANAGEMENT LLC,0001259313,,10% Owner,2023-01-30,P,buy,500000,1.7947,897350,0001104659-23-009641,2023-02-02,Financial Services,10% Owner,OPPORTUNISTIC,81.18000030517578,80.7300033569336,83.44000244140625,85.56999969482422,87.36000061035156,95.62999725341797,99.22000122070312,-0.55,2.78,5.41,7.61,17.8,22.22,false,true,true,-1.46,2.2,3.72,4.89,9.37,14.28,0.91,0.58,1.69,2.72,8.43,7.94,-1.27,28,true
05a6d3f6-5d9e-4e8c-b9c2-0b1e428f84f6,ARES,ARES MANAGEMENT LLC,0001259313,,10% Owner,2023-03-13,P,buy,168692,23.7664,4009201.55,0001104659-23-032916,2023-03-15,Financial Services,10% Owner,OPPORTUNISTIC,72.7300033569336,81.6500015258789,82.0199966430664,92.91999816894531,95.5,101.5,105.5999984741211,12.26,12.77,27.76,31.31,39.56,45.19,true,true,true,5.89,6.81,12.57,14.82,15.71,16.37,6.37,5.96,15.19,16.49,23.85,28.82,0,0,true
947de869-0e7f-4cfa-9fea-af80f74eed0b,ARES,ARES MANAGEMENT LLC,0001259313,,10% Owner,2023-03-15,P,buy,250000,23.8518,5962950,0001104659-23-033890,2023-03-17,Financial Services,10% Owner,OPPORTUNISTIC,75.36000061035156,82.86000061035156,83.2699966430664,94.81999969482422,101.0999984741211,101.52999877929688,105.5999984741211,9.95,10.5,25.82,34.16,34.73,40.13,true,true,true,5.95,6.1,12.17,15.48,15.11,15.2,4,4.4,13.65,18.68,19.62,24.93,-0.82,5,true
05a4f9e4-569f-48e9-af39-e4c6f5dc1b22,ARES,ARES MANAGEMENT LLC,0001259313,,10% Owner,2023-03-16,P,buy,81208,23.6288,1918847.59,0001104659-23-033890,2023-03-17,Financial Services,10% Owner,OPPORTUNISTIC,76.2699966430664,82.94999694824219,83.2699966430664,94.16999816894531,101.04000091552734,101.52999877929688,105.62000274658203,8.76,9.18,23.47,32.48,33.12,38.48,true,true,true,4.5,4.27,10.37,13.42,13.13,12.59,4.26,4.91,13.1,19.06,19.99,25.89,-2.01,4,true
9cfbf29b-4a87-4f1f-9b25-176e7be2b63c,ARES,ARES MANAGEMENT LLC,0001259313,,10% Owner,2023-03-27,P,buy,750000,21.4778,16108350,0001104659-23-038303,2023-03-29,Financial Services,10% Owner,OPPORTUNISTIC,81.08999633789062,81.62999725341797,85.19999694824219,91.70999908447266,101.38999938964844,99.68000030517578,105.69999694824219,0.67,5.07,13.1,25.03,22.93,30.35,true,true,true,1.98,5.93,8.81,14.87,10.19,9.01,-1.31,-0.86,4.29,10.16,12.74,21.34,-2.31,9,true
c44add14-1e3d-4df0-9c63-cf33bd29c5c9,ARES,ARES MANAGEMENT LLC,0001259313,,10% Owner,2023-03-28,P,buy,500000,20.5975,10298750,0001104659-23-038303,2023-03-29,Financial Services,10% Owner,OPPORTUNISTIC,80.0999984741211,83.44999694824219,87.36000061035156,91.70999908447266,100.58999633789062,99.97000122070312,105.69999694824219,4.18,9.06,14.49,25.58,24.81,31.96,true,true,true,4.25,6.21,9.06,15.14,11.22,9.26,-0.07,2.85,5.43,10.44,13.59,22.7,-1.1,8,true
263b011b-fd76-4c8d-a617-0ee1eaf4393d,ARES,ARES MANAGEMENT LLC,0001259313,,10% Owner,2023-03-29,P,buy,139522,21.0939,2943063.12,0001104659-23-040345,2023-03-31,Financial Services,10% Owner,OPPORTUNISTIC,81.4000015258789,87.58999633789062,87.36000061035156,93.0199966430664,98.80000305175781,100.79000091552734,105.69999694824219,7.6,7.32,14.28,21.38,23.82,29.85,true,true,true,3.63,4.69,8.68,12.74,10.32,7.69,3.97,2.63,5.6,8.64,13.5,22.16,-2.68,7,true
d4e80a5a-67a7-48a8-8d64-d9c1ea36c7c7,ARES,ARES MANAGEMENT LLC,0001259313,,10% Owner,2023-04-14,P,buy,200000,21.4401,4288020,0001104659-23-046861,2023-04-18,Financial Services,10% Owner,OPPORTUNISTIC,82.86000061035156,83.2699966430664,94.81999969482422,101.0999984741211,101.52999877929688,105.5999984741211,111.13999938964844,0.49,14.43,22.01,22.53,27.44,34.13,true,true,true,0.13,5.87,8.99,8.64,8.73,5.78,0.36,8.56,13.02,13.89,18.71,28.35,-4.02,20,true
647b5e29-c259-4ec4-b300-85140aff0b3d,ARES,ARES MANAGEMENT LLC,0001259313,,10% Owner,2023-04-20,P,buy,200000,20.8459,4169180,0001104659-23-048977,2023-04-24,Financial Services,10% Owner,OPPORTUNISTIC,86.26000213623047,85.12999725341797,93.37999725341797,102.06999969482422,99.19000244140625,105.3499984741211,109.5199966430664,-1.31,8.25,18.33,14.99,22.13,26.96,false,true,true,1.68,6.14,10.52,5.98,7.71,5.86,-2.99,2.11,7.81,9.01,14.42,21.1,-7.8,14,true
6310c3c1-79e3-4e38-8bbd-6936ef853c82,ARES,ARES MANAGEMENT LLC,0001259313,,10% Owner,2023-04-25,P,buy,250000,21.5567,5389175,0001104659-23-051320,2023-04-27,Financial Services,10% Owner,OPPORTUNISTIC,83.2699966430664,84.27999877929688,91.70999908447266,100.47000122070312,99.62000274658203,104.55999755859375,100.98999786376953,1.21,10.14,20.66,19.63,25.57,21.28,true,true,true,2.11,6.25,11.85,9.1,5.99,3.54,-0.9,3.89,8.81,10.53,19.58,17.74,-4.49,9,true
0fd1c187-2b1a-489f-b890-79fc188cb088,ARES,ARES MANAGEMENT LLC,0001259313,,10% Owner,2023-05-04,P,buy,200000,21.8576,4371520,0001104659-23-057136,2023-05-08,Financial Services,10% Owner,OPPORTUNISTIC,79.52999877929688,89.13999938964844,96.51000213623047,100.44999694824219,103.18000030517578,102.44000244140625,98.58999633789062,12.08,21.35,26.3,29.74,28.81,23.97,true,true,true,5.42,9.54,11.11,11.37,5.47,3.23,6.66,11.81,15.19,18.37,23.34,20.74,0,0,true
4fa5c79b-ee33-488b-8a65-dd7ff840f0b9,ARES,ARES MANAGEMENT LLC,0001259313,,10% Owner,2023-05-05,P,buy,160844,19.9445,3207953.16,0001104659-23-057136,2023-05-08,Financial Services,10% Owner,OPPORTUNISTIC,81.94999694824219,89.13999938964844,95.68000030517578,99.80000305175781,103.33000183105469,102.44000244140625,101.70999908447266,8.77,16.75,21.78,26.09,25,24.11,true,true,true,3.51,7.39,8.78,8.87,3.56,2.43,5.26,9.36,13,17.22,21.44,21.68,-1.77,4,true
c057b72a-deea-4189-b5be-2e883e938820,ARES,ARES MANAGEMENT LLC,0001259313,,10% Owner,2023-08-22,P,buy,179168,15.1669,2717423.14,0001104659-23-094983,2023-08-24,Financial Services,10% Owner,OPPORTUNISTIC,98.5,104.73999786376953,100.98999786376953,108.38999938964844,114.20999908447266,116.43000030517578,132.61000061035156,6.34,2.53,10.04,15.95,18.2,34.63,true,true,true,-1.54,-4.04,3.68,6.87,10.11,13.38,7.88,6.57,6.36,9.08,8.09,21.25,0,0,true
57e5660e-79b2-4463-ba21-62d91ef4309a,ARES,ARES MANAGEMENT LLC,0001259313,,10% Owner,2023-08-23,P,buy,33275,15.1809,505144.45,0001104659-23-094983,2023-08-24,Financial Services,10% Owner,OPPORTUNISTIC,99.62000274658203,104.55999755859375,100.98999786376953,107.87999725341797,115.18000030517578,118.69999694824219,132.61000061035156,4.96,1.38,8.29,15.62,19.15,33.12,true,true,true,-2.85,-5.09,2.31,6.7,9.12,12.13,7.81,6.47,5.98,8.92,10.03,20.99,0,0,true
0ec8ac9a-12f2-4b80-a67c-549ca35d8ae2,ARES,ARES MANAGEMENT LLC,0001259313,,10% Owner,2023-08-24,P,buy,37557,15.2712,573540.46,0001104659-23-095967,2023-08-28,Financial Services,10% Owner,OPPORTUNISTIC,99.68000030517578,105.69999694824219,100.98999786376953,108.81999969482422,115.80000305175781,118.69999694824219,132.61000061035156,6.04,1.31,9.17,16.17,19.08,33.04,true,true,true,-1.07,-3.76,4.15,8.41,10.66,13.7,7.11,5.07,5.02,7.76,8.42,19.34,0,0,true
fed9fdcf-7c5b-4cf2-ae4c-7af17ab6029a,ARES,ARES MANAGEMENT LLC,0001259313,,10% Owner,2023-08-28,P,buy,7397,14.9385,110500.08,0001104659-23-096976,2023-08-30,Financial Services,10% Owner,OPPORTUNISTIC,100.79000091552734,103.70999908447266,100.83999633789062,108.93000030517578,118.30999755859375,120.66999816894531,131.3000030517578,2.9,0.05,8.08,17.38,19.72,30.27,true,true,true,-3.77,-7.25,2.65,7.43,10.22,14.28,6.67,7.3,5.43,9.95,9.5,15.99,0,0,true
3391f699-c8f4-482a-8e3d-74c60b6bfc38,ARES,ARES MANAGEMENT LLC,0001259313,,10% Owner,2023-09-11,P,buy,150000,14.5152,2177280,0001104659-23-100445,2023-09-13,Financial Services,10% Owner,OPPORTUNISTIC,105.5999984741211,111.13999938964844,107.75,110.72000122070312,115.77999877929688,135.5500030517578,132.58999633789062,5.25,2.04,4.85,9.64,28.36,25.56,true,true,true,-2.7,-1.75,3.02,5.67,11.12,14.01,7.95,3.79,1.83,3.97,17.24,11.55,-5.28,22,true
148bdb99-8b56-408e-8843-acb168979d71,ARES,ARES MANAGEMENT LLC,0001259313,,10% Owner,2023-09-15,P,buy,100000,14.7885,1478850,0001104659-23-101950,2023-09-19,Financial Services,10% Owner,OPPORTUNISTIC,105.0999984741211,110.04000091552734,109.81999969482422,114.0999984741211,116.93000030517578,137.05999755859375,134.72000122070312,4.7,4.49,8.56,11.26,30.41,28.18,true,true,true,-1.65,1.21,6.46,7.12,12.99,16.37,6.35,3.28,2.1,4.14,17.42,11.81,-4.83,18,true
0e55e531-f408-4144-8211-805e5a96e868,ARES,ARES MANAGEMENT LLC,0001259313,,10% Owner,2023-10-02,P,buy,150000,14.7966,2219490,0001104659-23-106835,2023-10-04,Financial Services,10% Owner,OPPORTUNISTIC,102.44000244140625,101.70999908447266,111.80999755859375,115.45999908447266,122.25,132.6300048828125,132.38999938964844,-0.71,9.15,12.71,19.34,29.47,29.24,false,true,true,-1.09,7.44,10.61,14.88,18.9,22.2,0.38,1.71,2.1,4.46,10.57,7.04,-3.76,29,true
9ef0fa62-fe00-4df8-bd71-eaa6d17140da,ARES,ARES MANAGEMENT LLC,0001259313,,10% Owner,2023-10-18,P,buy,150000,18.9262,2838930,0001104659-23-110583,2023-10-20,Financial Services,10% Owner,OPPORTUNISTIC,107.66000366210938,107.08000183105469,117.4800033569336,116.93000030517578,135.17999267578125,130.1699981689453,129.3000030517578,-0.54,9.12,8.61,25.56,20.91,20.1,false,true,true,4.78,9.71,10.39,16.69,19.21,17.26,-5.32,-0.59,-1.78,8.87,1.7,2.84,-8.42,13,true
8a320cb7-bc1d-493a-844b-894f6c6e266f,IDXX,SZOSTAK M ANNE,0001094176,,Director,2016-02-17,P,buy,2000,69.9405,139881,0001140361-16-054824,2016-02-25,Healthcare,Director,OPPORTUNISTIC,71.5199966430664,75.44999694824219,79.93000030517578,87.2300033569336,89.01000213623047,93.76000213623047,111.91999816894531,5.49,11.76,21.97,24.45,31.1,56.49,true,true,true,5.96,8.48,6.21,8.03,12.2,13.59,-0.47,3.28,15.76,16.42,18.9,42.9,-1.24,1,true
b7f0f3cf-32cc-4701-8b05-ddff68f0eedc,DAL,Carter Peter W,0001647706,EVP and Chief Legal Officer,EVP and Chief Legal Officer,2016-05-04,P,buy,2500,41.416,103540,0001019687-16-006129,2016-05-05,Industrials,Other/EVP,OPPORTUNISTIC,41.43000030517578,41.56999969482422,35.619998931884766,36.38999938964844,36.81999969482422,39.97999954223633,41.77000045776367,0.34,-14.02,-12.17,-11.13,-3.5,0.82,true,false,true,2.57,1.66,5.14,6.04,5.25,3.68,-2.23,-15.68,-17.31,-17.17,-8.75,-2.86,-0.87,8,false
ff5cef51-d33d-44f0-ba9a-e5825810a08e,BMY,Samuels Theodore R. II,0001688276,,Director,2017-02-27,P,buy,12000,56.77,681240,0000014272-17-000063,2017-03-01,Healthcare,Director,OPPORTUNISTIC,56.560001373291016,55.95000076293945,56.04999923706055,53.93000030517578,55.900001525878906,54.2400016784668,58.58000183105469,-1.08,-0.9,-4.65,-1.17,-4.1,3.57,false,false,true,-0.66,0.41,1.85,1.78,4.26,3.15,-0.42,-1.31,-6.5,-2.95,-8.36,0.42,-1.5,22,false
13c68ce0-d57b-4762-961d-8f1523556421,BMY,Samuels Theodore R. II,0001688276,,Director,2017-08-02,P,buy,6000,55.937,335622,0000014272-17-000169,2017-08-03,Healthcare,Director,OPPORTUNISTIC,55.22999954223633,59.900001525878906,64.55999755859375,61.65999984741211,63.189998626708984,61.310001373291016,64.43000030517578,8.46,16.89,11.64,14.41,11.01,16.66,true,true,true,0.16,1.97,3.92,7.1,8.62,15.05,8.3,14.92,7.72,7.31,2.39,1.61,0,0,true
42c2bce2-de6d-4c42-9639-3078128e9d5d,BMY,Samuels Theodore R. II,0001688276,,Director,2017-12-15,P,buy,4000,62.2968,249187.2,0000014272-17-000208,2017-12-18,Healthcare,Director,OPPORTUNISTIC,62.40999984741211,59.91999816894531,63.869998931884766,66.25,54.08000183105469,52.02000045776367,53.459999084472656,-3.99,2.34,6.15,-13.35,-16.65,-14.34,false,true,false,3.92,-0.19,3.19,0.31,2.43,4.32,-7.91,2.53,2.96,-13.66,-19.08,-18.66,-2.32,7,true
c46f634a-006b-437f-9650-fe748d996d62,BMY,Samuels Theodore R. II,0001688276,,Director,2023-11-20,P,buy,8500,49.81,423385,0000014272-23-000185,2023-11-21,Healthcare,Director,OPPORTUNISTIC,48.900001525878906,50.959999084472656,50.11000061035156,49.86000061035156,51.79999923706055,48.29999923706055,43.36000061035156,4.21,2.47,1.96,5.93,-1.23,-11.33,true,true,false,3.08,6.2,9.36,13.53,9.96,16.69,1.13,-3.73,-7.4,-7.6,-11.19,-28.02,-0.86,1,true
57c102b1-03e9-4bba-9445-9ef794444331,INTC,SWAN ROBERT HOLMES,0001218363,Chief Financial Officer,Chief Financial Officer,2017-06-05,P,buy,6944,36.3052,252103.31,0001127602-17-020809,2017-06-07,Technology,CFO,OPPORTUNISTIC,36.34000015258789,34.34000015258789,36.29999923706055,35.02000045776367,39.380001068115234,47.099998474121094,44.4900016784668,-5.5,-0.11,-3.63,8.37,29.61,22.43,false,false,true,-0.5,1.4,0.85,3.64,5.57,8.26,-5,-1.51,-4.48,4.73,24.04,14.17,-7.93,28,false
e6b27cd1-a19b-4cdc-8f2d-9063a8b8b3d2,INTC,SWAN ROBERT HOLMES,0001218363,Interim CEO [CFO],Interim CEO [CFO],2018-07-30,P,buy,5243,47.69,250038.67,0001127602-18-024153,2018-07-31,Technology,CEO,OPPORTUNISTIC,47.689998626708984,48.75,47.290000915527344,45.400001525878906,48.06999969482422,46.36000061035156,46.709999084472656,2.22,-0.84,-4.8,0.8,-2.79,-2.05,true,false,false,4.12,3.85,-5.75,-4.13,-11.39,-5.78,-1.9,-4.69,0.95,4.93,8.6,3.73,-2.5,21,false
6275daa5-fbfa-40d9-bb6d-ad3cd0b2c35e,INTC,SWAN ROBERT HOLMES,0001218363,Interim CEO [CFO],Interim CEO [CFO],2018-11-29,P,buy,5117,48.3008,247155.19,0001127602-18-034985,2018-12-03,Technology,CEO,OPPORTUNISTIC,47.70000076293945,46.93000030517578,46.709999084472656,53.2400016784668,53.70000076293945,51.11000061035156,43.56999969482422,-1.61,-2.08,11.61,12.58,7.15,-8.66,false,true,false,-8.78,-3.73,1.91,3.1,7.26,2.25,7.17,1.65,9.7,9.48,-0.11,-10.91,-8.62,25,true
b71933fb-2a0d-4729-ba3b-d06bf8c78943,INTC,SWAN ROBERT HOLMES,0001218363,Interim CEO [CFO],Interim CEO [CFO],2018-12-06,P,buy,5263,46.74,245992.62,0001127602-18-035678,2018-12-10,Technology,CEO,OPPORTUNISTIC,48.369998931884766,47.439998626708984,49.220001220703125,52.95000076293945,55.599998474121094,51.220001220703125,44.790000915527344,-1.92,1.76,9.47,14.95,5.89,-7.4,false,true,false,-5.73,0.79,2.78,6.94,8.52,3.96,3.81,0.97,6.69,8.01,-2.63,-11.36,-9.88,18,true
df500998-26a6-4cf5-839a-fa4f86949d92,INTC,SWAN ROBERT HOLMES,0001218363,CEO,CEO,2019-08-28,P,buy,10918,45.7,498952.6,0001127602-19-027597,2019-08-29,Technology,CEO,OPPORTUNISTIC,45.790000915527344,50.779998779296875,56.7599983215332,58.900001525878906,59.81999969482422,65.69000244140625,61.7599983215332,10.9,23.96,28.63,30.64,43.46,34.88,true,true,true,2.25,4.99,8.72,11.79,11.98,11.61,8.65,18.97,19.91,18.85,31.48,23.27,0,0,true
730bf2ed-c002-45cc-a8cd-22c53b67c747,INTC,SWAN ROBERT HOLMES,0001218363,CEO,CEO,2020-07-24,P,buy,8021,50,401050,0001127602-20-022178,2020-07-28,Technology,CEO,OPPORTUNISTIC,50.59000015258789,49.13999938964844,49.95000076293945,53.900001525878906,46.060001373291016,46.36000061035156,58.66999816894531,-2.87,-1.27,6.54,-8.95,-8.36,15.97,false,true,true,6.87,2.94,7.4,11.4,14.64,19.64,-9.74,-4.21,-0.86,-20.35,-23,-3.67,-5.65,7,true
694b0cda-7ad2-4dec-b3b1-bdb5fcb13f36,INTC,SWAN ROBERT HOLMES,0001218363,CEO,CEO,2020-10-28,P,buy,8021,44.96,360624.16,0001127602-20-027643,2020-10-29,Technology,CEO,OPPORTUNISTIC,44.25,47.45000076293945,47.06999969482422,55.209999084472656,60.400001525878906,64.5,58.7599983215332,7.23,6.37,24.77,36.5,45.76,32.79,true,true,true,11.33,13.93,17.49,17.04,21.16,27.84,-4.1,-7.56,7.28,19.46,24.6,4.95,-0.32,1,true
52a2213a-a1aa-4652-bcbd-2fc5ae9d51bc,INTC,SWAN ROBERT HOLMES,0001218363,CEO,CEO,2021-01-25,P,buy,12700,56.0868,712302.36,0001127602-21-002713,2021-01-27,Technology,CEO,OPPORTUNISTIC,55.439998626708984,63.189998626708984,64.87000274658203,58.7599983215332,56.869998931884766,56.06999969482422,54.310001373291016,13.98,17.01,5.99,2.58,1.14,-2.04,true,true,false,1.92,3.02,8.64,8.81,10.59,14.73,12.06,13.99,-2.65,-6.23,-9.45,-16.77,-3.34,2,true
297144ca-de35-45c6-8115-ea97dd2b07b7,ROP,WALLMAN RICHARD F,0001198092,,Director,2018-03-12,P,buy,500,282.59,141295,0001209191-18-019170,2018-03-13,Technology,Director,OPPORTUNISTIC,282.8299865722656,270.0199890136719,279.42999267578125,285.5299987792969,280.989990234375,295.4700012207031,306.260009765625,-4.53,-1.2,0.95,-0.65,4.47,8.28,false,true,true,-5.3,-2.04,0.01,0.14,2.35,3.44,0.77,0.84,0.94,-0.79,2.12,4.84,-5.3,25,true
7da76ed5-a5a3-4123-b52a-77e04648ad23,ROP,WALLMAN RICHARD F,0001198092,,Director,2018-05-23,P,buy,500,278,139000,0001209191-18-032582,2018-05-23,Technology,Director,OPPORTUNISTIC,278.8800048828125,276.2200012207031,282.3699951171875,303.6199951171875,309.7799987792969,278.3699951171875,294.0299987792969,-0.95,1.25,8.87,11.08,-0.18,5.43,false,true,true,0.5,2.5,4.75,7.4,0.6,-1.56,-1.45,-1.25,4.12,3.68,-0.78,6.99,-1.66,6,true
4db49895-eb77-4097-8855-db3b7d2cdcf9,ROP,WALLMAN RICHARD F,0001198092,,Director,2018-07-27,P,buy,500,299.5,149750,0001209191-18-044178,2018-07-27,Technology,Director,OPPORTUNISTIC,298.8399963378906,297.57000732421875,298.0199890136719,265.3399963378906,285.75,247.00999450683594,276.260009765625,-0.42,-0.27,-11.21,-4.38,-17.34,-7.56,false,false,false,2.97,3.32,-4.03,-4.95,-16.73,-6.4,-3.39,-3.59,-7.18,0.57,-0.61,-1.16,-2.26,17,false
3a8e4817-0ef1-49ce-bd54-26dc3d3c8f10,ROP,WALLMAN RICHARD F,0001198092,,Director,2018-09-14,P,buy,500,312.35,156175,0001209191-18-051007,2018-09-14,Technology,Director,OPPORTUNISTIC,310.8299865722656,279.489990234375,290.67999267578125,281.20001220703125,271.32000732421875,301.25,326.3399963378906,-10.08,-6.48,-9.53,-12.71,-3.08,4.99,false,false,true,-5.67,-6.47,-8.77,-11.51,-6.97,-3.28,-4.41,-0.01,-0.76,-1.2,3.89,8.27,-12.08,27,false
59ed2511-df38-4208-af9d-d227828aede3,ROP,WALLMAN RICHARD F,0001198092,,Director,2019-03-15,P,buy,500,326.9659,163482.95,0001209191-19-019718,2019-03-15,Technology,Director,OPPORTUNISTIC,326.2099914550781,351.42999267578125,351.6300048828125,365.30999755859375,381.3699951171875,352.2699890136719,354.010009765625,7.73,7.79,11.99,16.91,7.99,8.52,true,true,true,3.08,0.74,2.94,6.91,2.4,6.73,4.65,7.05,9.05,10,5.59,1.79,0,0,true
20748f89-0604-4479-bdb3-5dcf7d84e9f8,ROP,WALLMAN RICHARD F,0001198092,,Director,2021-06-10,P,buy,2000,453.25,906500,0001209191-21-039792,2021-06-11,Technology,Director,OPPORTUNISTIC,453.6700134277344,482.3399963378906,485.3599853515625,482.4599914550781,451.5899963378906,488.5,471.92999267578125,6.32,6.99,6.35,-0.46,7.68,4.02,true,true,true,3.18,4.37,6.44,3.36,10.7,10.55,3.14,2.62,-0.09,-3.82,-3.02,-6.53,-0.94,8,true
0699134d-8181-44bc-a217-f01a0937fa1c,ROP,WALLMAN RICHARD F,0001198092,,Director,2022-11-04,P,buy,1000,390,390000,0001209191-22-055936,2022-11-07,Technology,Director,OPPORTUNISTIC,396.0299987792969,436.82000732421875,434.4599914550781,432.54998779296875,428.94000244140625,440.7900085449219,456.4200134277344,10.3,9.7,9.22,8.31,11.3,15.25,true,true,true,6.18,1.19,10.74,7.47,9.19,8.42,4.12,8.51,-1.52,0.84,2.11,6.83,0,0,true
b971ccab-f0ed-4ec6-9c64-90ee72f341e8,ROP,WALLMAN RICHARD F,0001198092,,Director,2023-02-14,P,buy,1000,424.95,424950,0001209191-23-009737,2023-02-15,Technology,Director,OPPORTUNISTIC,426.760009765625,428.4200134277344,442.9200134277344,461.8800048828125,456.44000244140625,477.6300048828125,496.2099914550781,0.39,3.79,8.23,6.95,11.92,16.27,true,true,true,-4.01,0.32,0.09,5.95,8.88,8.6,4.4,3.47,8.14,1,3.04,7.67,-1.51,24,true
d5d73965-3ea7-4da2-ba2b-62f3d11d7fa1,CTSH,VELLI JOSEPH M,0001209494,,Director,2018-03-14,P,buy,2500,84.0975,210243.75,0001209191-18-020104,2018-03-16,Technology,Director,OPPORTUNISTIC,83.62999725341797,80.81999969482422,75.86000061035156,78.25,83.31999969482422,75.41999816894531,75.55999755859375,-3.36,-9.29,-6.43,-0.37,-9.82,-9.65,false,false,false,-3.69,-0.84,1.31,1.48,2.47,4.65,0.33,-8.45,-7.74,-1.85,-12.29,-14.3,-5.64,26,false
cb1418fe-4049-4538-8d49-1e7692d4dc75,SLB,Al Mogharbel Khaled,0001580649,"President, Eastern Hemisphere","President, Eastern Hemisphere",2018-03-28,P,buy,3000,64.3,192900,0001127602-18-012927,2018-03-28,Energy,President,OPPORTUNISTIC,63.209999084472656,69.08000183105469,68.06999969482422,66.0199966430664,66.86000061035156,64.8499984741211,61.599998474121094,9.29,7.69,4.45,5.77,2.59,-2.55,true,true,false,2.59,3.54,4.53,9.05,11.53,12,6.7,4.15,-0.08,-3.28,-8.94,-14.55,0,0,true
2bd3a0ee-254d-4ec9-977b-c83408c2eec7,PANW,Arora Nikesh,0001468233,Chief Executive Officer,Chief Executive Officer,2018-06-07,P,buy,800,196.761,157408.8,0001209191-18-036931,2018-06-11,Technology,CEO,OPPORTUNISTIC,33.08333206176758,34.81666564941406,35.23500061035156,37.038333892822266,35.95166778564453,30.46500015258789,29.541667938232422,5.24,6.5,11.95,8.67,-7.91,-10.71,true,true,false,0.19,2.62,4.2,3.77,-1.43,-2.57,5.05,3.88,7.75,4.9,-6.48,-8.14,0,0,true
a2def0d9-248d-4bbc-b73d-acb55095f158,PANW,Arora Nikesh,0001468233,Chief Executive Officer,Chief Executive Officer,2018-06-08,P,buy,800,196.98,157584,0001209191-18-036931,2018-06-11,Technology,CEO,OPPORTUNISTIC,33.2216682434082,34.81666564941406,35.400001525878906,36.72833251953125,35.39666748046875,30.46500015258789,30.296667098999023,4.8,6.56,10.56,6.55,-8.3,-8.8,true,true,false,-0.1,2.66,3.58,3.46,-1.73,-3,4.9,3.9,6.98,3.09,-6.57,-5.8,-0.31,3,true
9638d9f2-07d0-4340-8c2d-53d214db1e34,PANW,Arora Nikesh,0001468233,Chief Executive Officer,Chief Executive Officer,2018-06-13,P,buy,701,209.62,146943.62,0001209191-18-038171,2018-06-15,Technology,CEO,OPPORTUNISTIC,35.508331298828125,35.991668701171875,35.09166717529297,39.02000045776367,33.86166763305664,29.558332443237305,29.873332977294922,1.36,-1.17,9.89,-4.64,-16.76,-15.87,true,true,false,0.56,1.46,3.96,-2.11,-1.96,-5.02,0.8,-2.63,5.93,-2.53,-14.8,-10.85,-5.6,14,true
a32bc3ab-991f-45da-863d-3a34a4bebaa0,PANW,Arora Nikesh,0001468233,Chief Executive Officer,Chief Executive Officer,2018-06-14,P,buy,1193,213.951,255243.54,0001209191-18-038171,2018-06-15,Technology,CEO,OPPORTUNISTIC,35.926666259765625,35.72666549682617,35.09166717529297,39.371665954589844,35.32500076293945,29.558332443237305,30.73666763305664,-0.56,-2.32,9.59,-1.67,-17.73,-14.45,false,true,false,0.22,1.21,3.73,-1,-2.21,-5.24,-0.78,-3.53,5.86,-0.67,-15.52,-9.21,-6.7,13,true
8afa14bb-fd21-4e7b-8a33-ceb64be8858a,PANW,Arora Nikesh,0001468233,Chief Executive Officer,Chief Executive Officer,2018-06-15,P,buy,600,211.54,126924,0001209191-18-038171,2018-06-15,Technology,CEO,OPPORTUNISTIC,35.766666412353516,35.72666549682617,35.133331298828125,39.349998474121094,34.866668701171875,29.558332443237305,31.586666107177734,-0.11,-1.77,10.02,-2.52,-17.36,-11.69,false,true,false,0.8,2.44,4.94,-0.99,-1.65,-4.21,-0.91,-4.21,5.08,-1.53,-15.71,-7.48,-6.28,12,true
c4d4d065-3090-46c1-969f-4eff3d7a02c9,PANW,Arora Nikesh,0001468233,Chief Executive Officer,Chief Executive Officer,2019-11-27,P,buy,25000,221.5393,5538482.5,0001209191-19-058598,2019-12-02,Technology,CEO,OPPORTUNISTIC,37.04499816894531,38.878334045410156,39.641666412353516,32.82666778564453,28,32.813331604003906,38.5283317565918,4.95,7.01,-11.39,-24.42,-11.42,4,true,false,true,2.34,2.54,-0.9,-17.21,-9.01,-5.2,2.61,4.47,-10.49,-7.21,-2.41,9.2,0,0,false
93a9b253-2714-4229-93e5-a17a5010b29a,FAST,FLORNESS DANIEL L,0001017427,CEO and President,CEO and President,2018-10-12,P,buy,2000,51.95,103900,0001179110-18-012186,2018-10-15,Industrials,CEO,OPPORTUNISTIC,13.017499923706055,13.529999732971191,13.72249984741211,13.619999885559082,15.467499732971191,15.430000305175781,16.297500610351562,3.94,5.42,4.63,18.82,18.53,25.2,true,true,true,-1.22,-4.28,-6.19,-1.93,0.9,4.47,5.16,9.7,10.82,20.75,17.63,20.73,-6.55,12,true
9df88563-0000-49d3-a584-be0b97c50055,FAST,FLORNESS DANIEL L,0001017427,CEO AND PRESIDENT,CEO AND PRESIDENT,2022-09-14,P,buy,4000,48,192000,0001415889-22-009696,2022-09-16,Industrials,CEO,OPPORTUNISTIC,23.959999084472656,21.934999465942383,25.84000015258789,25.06999969482422,24.510000228881836,26.514999389648438,25.850000381469727,-8.45,7.85,4.63,2.3,10.66,7.89,false,true,true,-9.37,0.13,1.87,0.6,4.62,-2.34,0.92,7.72,2.76,1.7,6.04,10.23,-8.45,30,true
5efcb236-3de0-415a-8880-f3687a6654bc,CAT,De Lange Bob,0001694342,Group President,Group President,2018-10-26,P,buy,1080,115.58,124826.4,0000018230-18-000288,2018-10-30,Industrials,President,OPPORTUNISTIC,115.05000305175781,124.80000305175781,124.76000213623047,132.72999572753906,141.41000366210938,131.3800048828125,137.72999572753906,8.47,8.44,15.37,22.91,14.19,19.71,true,true,true,0.82,-7.22,-0.67,5.35,5.17,10.14,7.65,15.66,16.04,17.56,9.02,9.57,-0.93,3,true
99a711b9-8b36-4841-943b-03b4703dc9e3,EBAY,SWAN ROBERT HOLMES,0001218363,,Director,2019-01-02,P,buy,17787,28.2097,501765.93,0001218363-19-000002,2019-01-04,Consumer Cyclical,Director,OPPORTUNISTIC,28.850000381469727,34.310001373291016,37.25,37.91999816894531,37.59000015258789,35.619998931884766,39.88999938964844,18.93,29.12,31.44,30.29,23.47,38.27,true,true,true,7.95,11.68,14.31,16.39,9.75,18.18,10.98,17.44,17.13,13.9,13.72,20.09,-1.84,1,true
ccb1916d-8f31-41bf-9fff-3a2ef71f7405,CVS,LUDWIG EDWARD J,0001221783,,Director,2019-03-01,P,buy,4000,58.27,233080,0001127602-19-009462,2019-03-04,Healthcare,Director,OPPORTUNISTIC,58.130001068115234,54.189998626708984,54.380001068115234,52.75,54.93000030517578,56.2599983215332,59.47999954223633,-6.78,-6.45,-9.26,-5.5,-3.22,2.32,false,false,true,1.93,4.85,-0.5,5.43,7.5,3.02,-8.71,-11.3,-8.76,-10.93,-10.72,-0.7,-9.93,6,false
681b3312-e7b1-4f0b-a2b5-038ef9950fb1,CVS,LUDWIG EDWARD J,0001221783,,Director,2019-03-08,P,buy,2000,52.8,105600,0001127602-19-010801,2019-03-11,Healthcare,Director,OPPORTUNISTIC,52.93000030517578,54.150001525878906,55.349998474121094,54.11000061035156,55.310001373291016,54.5099983215332,61.65999984741211,2.3,4.57,2.23,4.5,2.99,16.49,true,true,true,5.22,4.91,3.77,8.15,3.41,7.13,-2.92,-0.34,-1.54,-3.65,-0.42,9.36,-1.51,25,true
0caaeeae-a94e-4eea-92cb-939168efa7be,CVS,LUDWIG EDWARD J,0001221783,,Director,2021-02-17,P,buy,3000,72,216000,0001127602-21-006284,2021-02-17,Healthcare,Director,OPPORTUNISTIC,72.70999908447266,73.18000030517578,75.75,88.61000061035156,84.2300033569336,80.66999816894531,85.38999938964844,0.65,4.18,21.87,15.84,10.95,17.44,true,true,true,-0.74,5.82,4.98,7.54,8.3,13.91,1.39,-1.64,16.89,8.3,2.65,3.53,-6.3,9,true
82e1b5d6-2da3-427c-a5c6-166052d56b24,CVS,LUDWIG EDWARD J,0001221783,,Director,2021-08-05,P,buy,3000,79.545,238635,0001127602-21-023166,2021-08-05,Healthcare,Director,OPPORTUNISTIC,80.05000305175781,86.58000183105469,83.80999755859375,96.33999633789062,90.87000274658203,104.16000366210938,106.2699966430664,8.16,4.7,20.35,13.52,30.12,32.75,true,true,true,2.2,-2.97,5.2,2.64,8.14,2.53,5.96,7.67,15.15,10.88,21.98,30.22,0,0,true
13a8db05-46d4-41f5-ab33-020fcccc9b93,CVS,LUDWIG EDWARD J,0001221783,,Director,2022-02-10,P,buy,1000,105.9044,105904.4,0001127602-22-004581,2022-02-11,Healthcare,Director,OPPORTUNISTIC,105.31999969482422,104.48999786376953,104.44999694824219,97.98999786376953,93.16999816894531,94.70999908447266,103.69000244140625,-0.79,-0.83,-6.96,-11.54,-10.07,-1.55,false,false,false,-7.19,-2.09,-12.59,-13.25,-14.49,-8.45,6.4,1.26,5.63,1.71,4.42,6.9,-4.32,14,false
e0500b80-4b65-4318-a604-265c893a79c4,CVS,LUDWIG EDWARD J,0001221783,,Director,2023-11-03,P,buy,2000,70.465,140930,0001127602-23-026822,2023-11-06,Healthcare,Director,OPPORTUNISTIC,70.25,68.4800033569336,80.8499984741211,73.91999816894531,73.88999938964844,79.55999755859375,56.310001373291016,-2.52,15.09,5.22,5.18,13.25,-19.84,false,true,false,5.06,8.73,12.54,17.85,20.12,15.11,-7.58,6.36,-7.32,-12.67,-6.87,-34.95,-5,6,true
c42dfde0-3749-4be2-a7f5-68a385faf4f4,CVS,Mahoney Michael F,0001533022,,Director,2024-05-02,P,buy,9181,54.4923,500293.81,0001127602-24-013995,2024-05-02,Healthcare,Director,OPPORTUNISTIC,55.150001525878906,60.209999084472656,58.150001525878906,60.33000183105469,57.2400016784668,62.880001068115234,56.25,9.17,5.44,9.39,3.79,14.02,1.99,true,true,true,4.51,7.98,9.06,11.61,13.61,15.2,4.66,-2.54,0.33,-7.82,0.41,-13.21,-2.76,26,true
e1e66dc1-05c4-4c36-9239-61e23b88fad3,CVS,Mahoney Michael F,0001533022,,Director,2025-02-18,P,buy,30000,66.7,2001000,0001127602-25-005398,2025-02-19,Healthcare,Director,OPPORTUNISTIC,65.56999969482422,68.63999938964844,65.16999816894531,62.779998779296875,66.83999633789062,61.959999084472656,70.16999816894531,4.68,-0.61,-4.25,1.94,-5.51,7.02,true,false,true,-7.52,-15.96,-2.72,-2.3,2.63,5.2,12.2,15.35,-1.53,4.24,-8.14,1.82,-3.89,6,false
27d73324-12e6-45ab-b6e7-d6eac636887f,CI,Evanko Brian C,0001722909,President Government Business,President Government Business,2019-03-11,P,buy,2000,163.4,326800,0001225208-19-005235,2019-03-13,Healthcare,President,OPPORTUNISTIC,163.6300048828125,168.1999969482422,158.44000244140625,156.5500030517578,159.72999572753906,166.60000610351562,162.16000366210938,2.79,-3.17,-4.33,-2.38,1.82,-0.9,true,false,false,3.54,3.47,3.78,6.73,5.45,7.1,-0.75,-6.64,-8.11,-9.11,-3.63,-8,-3.06,22,false
de5a86f7-46fc-4239-8097-51905731113e,CI,Cordani David,0001318751,President & CEO,President & CEO,2019-09-09,P,buy,32509,155.17,5044421.53,0001225208-19-012228,2019-09-09,Healthcare,CEO,OPPORTUNISTIC,162.16000366210938,149.58999633789062,188.1999969482422,195.9499969482422,207.92999267578125,211.86000061035156,181.60000610351562,-7.75,16.06,20.84,28.23,30.65,11.99,false,true,true,-2.32,3.6,5.26,8.23,12,-8.04,-5.43,12.46,15.58,20,18.65,20.03,-9.23,29,true
f0ed2c72-3812-4614-b57a-b9ce135101e5,CI,Cordani David,0001318751,Chairman & CEO,Chairman & CEO,2025-11-03,P,buy,4134,241.8762,999916.21,0001318751-25-000004,2025-11-03,Healthcare,CEO,OPPORTUNISTIC,258.6199951171875,270.32000732421875,279.1199951171875,271.5400085449219,283.92999267578125,270.0199890136719,,4.52,7.93,5,9.79,4.41,,true,true,,0.08,-0.02,1.77,-0.44,-4.03,,4.44,7.95,3.23,10.23,8.44,,-0.87,3,true
49b63a76-6014-4849-8d4a-08246cde7c0d,WAB,DeNinno David L,0001543091,"Exec VP, General Counsel, Sec.","Exec VP, General Counsel, Sec.",2019-05-21,P,buy,3000,64.51,193530,0001209191-19-031990,2019-05-22,Industrials,Other/EVP,OPPORTUNISTIC,64.66000366210938,72.29000091552734,70.44999694824219,68.0999984741211,74.6500015258789,69.41999816894531,78.87000274658203,11.8,8.95,5.32,15.45,7.36,21.98,true,true,true,3.26,3.98,2.03,5.09,4,8.9,8.54,4.97,3.29,10.36,3.36,13.08,-3.53,10,true
bd0a913f-fe60-433b-afc2-3fa8162aedb5,ABBV,AUSTIN ROXANNE S,0001061632,,Director,2019-06-26,P,buy,11500,67.5,776250,0001179110-19-008214,2019-06-28,Healthcare,Director,OPPORTUNISTIC,68,67.76000213623047,66.45999908447266,72.94999694824219,76.80000305175781,87.76000213623047,90.25,-0.35,-2.26,7.28,12.94,29.06,32.72,false,true,true,3.97,-0.85,1.86,3.41,7.88,10.59,-4.32,-1.41,5.42,9.53,21.18,22.13,-1.97,29,true
2db74a10-403d-4bc8-b00e-fd74b757994c,ABBV,AUSTIN ROXANNE S,0001061632,,Director,2019-07-30,P,buy,10000,66.35,663500,0001179110-19-008938,2019-07-31,Healthcare,Director,OPPORTUNISTIC,67.18000030517578,66.22000122070312,75.72000122070312,78.33000183105469,88.33000183105469,89.19999694824219,84.0199966430664,-1.43,12.71,16.6,31.48,32.78,25.07,false,true,true,-2.71,-1.31,0.86,4.91,7.36,7.58,1.28,14.02,15.74,26.57,25.42,17.49,-6.25,16,true
62411887-f8aa-4039-b1d6-08422fbc4061,FDX,MARTIN R BRAD,0001186888,,Director,2019-09-27,P,buy,1000,145,145000,0001127602-19-029414,2019-10-01,Industrials,Director,OPPORTUNISTIC,144.9600067138672,158.39999389648438,161.5,152.49000549316406,148.49000549316406,154.85000610351562,118.30999755859375,9.27,11.41,5.19,2.44,6.82,-18.38,true,true,false,2.67,6.32,9.32,9.51,9.15,-16.46,6.6,5.09,-4.13,-7.07,-2.33,-1.92,-4.53,11,true
5d287570-c5e1-454d-a27d-9d25b1d08746,VST,HELM SCOTT B,0001711936,,Director,2019-12-05,P,buy,5000,24.6,123000,0001209191-19-059700,2019-12-09,Utilities,Director,OPPORTUNISTIC,24.450000762939453,22.690000534057617,22.56999969482422,21.049999237060547,15.829999923706055,18.969999313354492,20.6299991607666,-7.2,-7.69,-13.91,-35.26,-22.41,-15.62,false,false,false,3.72,3.88,0.27,-20.46,-9.12,-1.26,-10.92,-11.57,-14.18,-14.8,-13.29,-14.36,-6.67,22,false
319f6588-0525-49a5-aa15-cc49263ae4d2,VST,HELM SCOTT B,0001711936,,Director,2019-12-09,P,buy,5000,23.605,118025,0001209191-19-060034,2019-12-11,Utilities,Director,OPPORTUNISTIC,23.670000076293945,23.1299991607666,22.299999237060547,18.43000030517578,16.299999237060547,17.950000762939453,22,-2.28,-5.79,-22.14,-31.14,-24.17,-7.06,false,false,false,3.37,5.84,-12.63,-15.53,-8.35,2.97,-5.65,-11.63,-9.51,-15.61,-15.82,-10.03,-4.14,28,false
fcb6c71d-bcba-41d3-8799-b671f7e41fe3,VST,HELM SCOTT B,0001711936,,Director,2020-03-03,P,buy,20000,20.212,404240,0001209191-20-016394,2020-03-04,Utilities,Director,OPPORTUNISTIC,20.25,15.979999542236328,18.969999313354492,20.940000534057617,19.139999389648438,18.65999984741211,19.229999542236328,-21.09,-6.32,3.41,-5.48,-7.85,-5.04,false,true,false,-16.12,-5.55,1.77,3.42,8.75,16.34,-4.97,-0.77,1.64,-8.9,-16.6,-21.38,-37.78,15,true
b8b18d80-d90b-4b35-afb5-efc0fc12796d,VST,HELM SCOTT B,0001711936,,Director,2020-03-11,P,buy,20000,17.36,347200,0001209191-20-018928,2020-03-13,Utilities,Director,OPPORTUNISTIC,17.790000915527344,17.139999389648438,18.31999969482422,21.170000076293945,19,19.200000762939453,17.850000381469727,-3.65,2.98,19,6.8,7.93,0.34,false,true,true,0.47,6.61,16.92,14.59,22.31,21.45,-4.12,-3.63,2.08,-7.79,-14.38,-21.11,-29.17,7,true
3dc8d2b0-d126-4f56-9f73-3240d32dd178,VST,HELM SCOTT B,0001711936,,Director,2020-03-12,P,buy,12000,14.895,178740,0001209191-20-019210,2020-03-16,Utilities,Director,OPPORTUNISTIC,14.550000190734863,17.139999389648438,18.31999969482422,21.219999313354492,18.8700008392334,19.200000762939453,17.850000381469727,17.8,25.91,45.84,29.69,31.96,22.68,true,true,true,11.1,17.89,28.57,28,35.25,34.3,6.7,8.02,17.27,1.69,-3.29,-11.62,-13.4,6,true
173ea933-d8dd-421f-bc0e-73ac041124f6,VST,HELM SCOTT B,0001711936,,Director,2020-03-17,P,buy,20000,13.459,269180,0001209191-20-019915,2020-03-18,Utilities,Director,OPPORTUNISTIC,12.890000343322754,16.100000381469727,19.920000076293945,19.8700008392334,19.299999237060547,19.049999237060547,18.8700008392334,24.9,54.54,54.15,49.73,47.79,46.39,true,true,true,10.4,16.69,21.46,27.31,33.24,33.88,14.5,37.85,32.69,22.42,14.55,12.51,-2.25,1,true
c6b2057f-1baa-43f0-b681-d258f7051f06,VST,HELM SCOTT B,0001711936,,Director,2020-03-20,P,buy,13060,13.923,181834.38,0001209191-20-020776,2020-03-23,Utilities,Director,OPPORTUNISTIC,14.079999923706055,16.889999389648438,19.530000686645508,20.290000915527344,19.100000381469727,19.350000381469727,18.610000610351562,19.96,38.71,44.11,35.65,37.43,32.17,true,true,true,23.07,27.61,36.27,41.75,47.69,48.09,-3.11,11.1,7.84,-6.1,-10.26,-15.92,-8.24,3,true
dcc11db8-37fc-4c27-877f-aed647b3dfe1,VST,HELM SCOTT B,0001711936,,Director,2020-05-11,P,buy,10000,18.425,184250,0001209191-20-028894,2020-05-13,Utilities,Director,OPPORTUNISTIC,18.31999969482422,21.219999313354492,18.8700008392334,19.200000762939453,17.850000381469727,18.280000686645508,18.90999984741211,15.83,3,4.8,-2.57,-0.22,3.22,true,true,true,9.06,8.58,14.72,13.92,17.53,21.22,6.77,-5.58,-9.92,-16.49,-17.75,-18,-2.73,2,true
343f3345-84dd-40b1-9186-a4d747ed65d9,VST,HELM SCOTT B,0001711936,,Director,2020-09-08,P,buy,20000,18.188,363760,0001209191-20-050072,2020-09-10,Utilities,Director,OPPORTUNISTIC,17.850000381469727,18.280000686645508,18.90999984741211,18.969999313354492,20.290000915527344,21.049999237060547,18.8799991607666,2.41,5.94,6.27,13.67,17.93,5.77,true,true,true,3.17,6.41,10.77,12.11,16.36,14.56,-0.76,-0.47,-4.5,1.56,1.57,-8.79,-0.22,27,true
685623b3-d9a1-4439-a0a2-5a17925e68d7,VST,HELM SCOTT B,0001711936,,Director,2020-12-17,P,buy,10000,17.958,179580,0001209191-20-064637,2020-12-21,Utilities,Director,OPPORTUNISTIC,17.93000030517578,21.709999084472656,21.90999984741211,17.290000915527344,17.799999237060547,15.920000076293945,18.40999984741211,21.08,22.2,-3.57,-0.73,-11.21,2.68,true,false,true,1.72,5.39,6.72,12.09,11.63,14.03,19.36,16.81,-10.29,-12.82,-22.84,-11.35,-2.06,4,false
ebc1e20f-5a8f-43bd-9c73-9969ae4b2ec2,VST,HELM SCOTT B,0001711936,,Director,2020-12-18,P,buy,10000,17.66,176600,0001209191-20-064637,2020-12-21,Utilities,Director,OPPORTUNISTIC,17.649999618530273,21.709999084472656,21.90999984741211,16.790000915527344,17.860000610351562,15.920000076293945,18.139999389648438,23,24.14,-4.87,1.19,-9.8,2.78,true,false,true,2.57,6.26,6.04,12.47,12.55,14.34,20.43,17.88,-10.91,-11.28,-22.35,-11.56,-0.51,3,false
d7ae8fcc-ac25-4f1d-ba19-94ca4fca9a96,VST,HELM SCOTT B,0001711936,,Director,2021-03-04,P,buy,10000,16.76,167600,0001209191-21-018224,2021-03-05,Utilities,Director,OPPORTUNISTIC,17.489999771118164,17.68000030517578,16.799999237060547,16.75,19.040000915527344,18.979999542236328,19.09000015258789,1.09,-3.95,-4.23,8.86,8.52,9.15,true,false,true,7.87,11.02,11.58,15.14,16.16,19.87,-6.78,-14.97,-15.81,-6.28,-7.64,-10.72,-4.52,18,false
db386d66-de98-4dcd-aa3c-c92a785bb2b2,VST,HELM SCOTT B,0001711936,,Director,2021-05-06,P,buy,10000,15.68,156800,0001209191-21-031451,2021-05-10,Utilities,Director,OPPORTUNISTIC,16.059999465942383,17.610000610351562,18.34000015258789,18.90999984741211,19.110000610351562,17.020000457763672,19.8700008392334,9.65,14.2,17.75,18.99,5.98,23.72,true,true,true,0.74,3.31,4.75,8.12,2.28,10.22,8.91,10.89,13,10.87,3.7,13.5,-0.87,11,true
521dbb9a-89be-4d74-a9a2-f477f4a1d65b,VST,HELM SCOTT B,0001711936,,Director,2022-05-26,P,buy,9000,26,234000,0001209191-22-032602,2022-05-27,Utilities,Director,OPPORTUNISTIC,25.93000030517578,23.75,23.360000610351562,25.190000534057617,23.3700008392334,21.489999771118164,23.43000030517578,-8.41,-9.91,-2.85,-9.87,-17.12,-9.64,false,false,false,-4.13,-2.4,2.06,-9.22,-6.52,-1.33,-4.28,-7.51,-4.91,-0.65,-10.6,-8.31,-13.54,22,false
f69baf59-460a-41ec-8d73-8a70dcbea766,VST,HELM SCOTT B,0001711936,,Director,2022-06-14,P,buy,20000,23.158,463160,0001209191-22-037234,2022-06-15,Utilities,Director,OPPORTUNISTIC,22.959999084472656,22.93000030517578,25.969999313354492,25.790000915527344,21.440000534057617,24.09000015258789,24.219999313354492,-0.13,13.11,12.33,-6.62,4.92,5.49,false,true,true,1.08,14.71,9.92,-4.63,6.59,6.71,-1.21,-1.6,2.41,-1.99,-1.67,-1.22,-5.66,21,true
b3623688-6de1-4a61-afc7-4d8249ccc38f,VST,HELM SCOTT B,0001711936,,Director,2022-06-17,P,buy,10000,22.398,223980,0001209191-22-038519,2022-06-21,Utilities,Director,OPPORTUNISTIC,22.420000076293945,22.81999969482422,25.829999923706055,25.3700008392334,22.030000686645508,22.950000762939453,24.350000381469727,1.78,15.21,13.16,-1.74,2.36,8.61,true,true,true,4.4,17.45,6.63,0.26,8,9.17,-2.62,-2.24,6.53,-2,-5.64,-0.56,-3.39,18,true
3d50da93-5d7a-4c50-ac55-3a93084692ad,VST,HELM SCOTT B,0001711936,,Director,2022-11-08,P,buy,10000,23.867,238670,0001209191-22-056416,2022-11-10,Utilities,Director,OPPORTUNISTIC,24.1200008392334,23.59000015258789,22.530000686645508,22.969999313354492,26.200000762939453,24.420000076293945,23.3799991607666,-2.2,-6.59,-4.77,8.62,1.24,-3.07,false,false,false,3.73,1.53,7.29,4.43,7.23,8.05,-5.93,-8.12,-12.06,4.19,-5.99,-11.12,-6.88,9,false
6d518997-d6a0-4d15-a462-707e2b682e8b,VST,HELM SCOTT B,0001711936,,Director,2022-11-09,P,buy,5000,23.491,117455,0001209191-22-056416,2022-11-10,Utilities,Director,OPPORTUNISTIC,23.549999237060547,23.860000610351562,22.530000686645508,23.239999771118164,25.690000534057617,24.420000076293945,23.3799991607666,1.32,-4.33,-1.32,9.09,3.69,-0.72,true,false,false,5.12,3.67,10.97,4.66,9.48,10.32,-3.8,-8,-12.29,4.43,-5.79,-11.04,-4.63,8,false
12e9c034-514b-4637-b1bc-f2f17d2ef34f,VST,HELM SCOTT B,0001711936,,Director,2022-11-15,P,buy,10000,23.39,233900,0001209191-22-057322,2022-11-16,Utilities,Director,OPPORTUNISTIC,22.700000762939453,24.329999923706055,22.149999618530273,23.049999237060547,24.40999984741211,24.489999771118164,24.799999237060547,7.18,-2.42,1.54,7.53,7.89,9.25,true,true,true,-2.22,-0.18,3.6,-2.31,3.51,3.64,9.4,-2.24,-2.06,9.84,4.38,5.61,-1.06,2,true
54792ebb-5626-425a-9415-4507a017ea78,VST,HELM SCOTT B,0001711936,,Director,2022-11-21,P,buy,10000,22.86,228600,0001209191-22-058552,2022-11-23,Utilities,Director,OPPORTUNISTIC,22.8799991607666,24.170000076293945,21.850000381469727,22.56999969482422,25.059999465942383,23.780000686645508,24.510000228881836,5.64,-4.5,-1.35,9.53,3.93,7.12,true,false,true,-2.12,0.33,1.14,1.09,4.38,6.13,7.76,-4.83,-2.49,8.44,-0.45,0.99,0,0,false
358d3fa7-8a87-4c27-80c6-8c68df94b662,VST,HELM SCOTT B,0001711936,,Director,2023-03-09,P,buy,10000,26.28,262800,0001209191-23-018116,2023-03-13,Utilities,Director,OPPORTUNISTIC,25.690000534057617,24.420000076293945,23.3799991607666,25.15999984741211,26.700000762939453,28.700000762939453,32.5,-4.94,-8.99,-2.06,3.93,11.72,26.51,false,false,true,4.61,5.41,8.94,12,15.11,14.73,-9.55,-14.4,-11,-8.07,-3.39,11.78,-9.69,18,false
d5dcb974-a8e6-4fd5-8bf9-08eaceb143c7,VST,HELM SCOTT B,0001711936,,Director,2023-03-10,P,buy,10000,24.89,248900,0001209191-23-018116,2023-03-13,Utilities,Director,OPPORTUNISTIC,24.520000457763672,24.420000076293945,24.600000381469727,24.81999969482422,26.459999084472656,28.700000762939453,32.810001373291016,-0.41,0.33,1.22,7.91,17.05,33.81,false,true,true,6.14,6.48,11.2,13.93,16.79,15.63,-6.55,-6.15,-9.98,-6.02,0.26,18.18,-5.38,17,true
23a42d70-4c4d-48f7-9189-f0282919d503,VST,HELM SCOTT B,0001711936,,Director,2023-03-17,P,buy,11000,24.72,271920,0001209191-23-020065,2023-03-20,Utilities,Director,OPPORTUNISTIC,24.84000015258789,24.25,24.350000381469727,25.329999923706055,26.1299991607666,30.31999969482422,33.18000030517578,-2.38,-1.97,1.97,5.19,22.06,33.57,false,true,true,6.14,5.2,13.49,15.6,14.9,14.49,-8.52,-7.17,-11.52,-10.41,7.16,19.08,-6.6,10,true
3ab67ff5-126c-42aa-a26d-dbbda933bbd5,BKR,Simonelli Lorenzo,0001709160,"Chairman, President and CEO","Chairman, President and CEO",2020-02-24,P,buy,15368,19.49,299522.32,0001701605-20-000020,2020-02-24,Energy,CEO,OPPORTUNISTIC,19.479999542236328,11.619999885559082,13.420000076293945,16.010000228881836,15.539999961853027,16.690000534057617,15.90999984741211,-40.35,-31.11,-17.81,-20.23,-14.32,-18.33,false,false,false,-23.46,-12.24,-7.24,-3.22,0.17,6.36,-16.89,-18.87,-10.57,-17.01,-14.49,-24.69,-52.1,28,false
874db615-0ecc-4e66-b911-d5022b7578a8,BKR,Simonelli Lorenzo,0001709160,"Chairman, President and CEO","Chairman, President and CEO",2020-02-26,P,buy,11254,17.7424,199672.97,0001701605-20-000021,2020-02-26,Energy,CEO,OPPORTUNISTIC,17.760000228881836,11.880000114440918,13.600000381469727,16.010000228881836,14.949999809265137,16.329999923706055,15.90999984741211,-33.11,-23.42,-9.85,-15.82,-8.05,-10.42,false,false,false,-18.65,-7.85,-3.99,-1.33,3.76,10.09,-14.46,-15.57,-5.86,-14.49,-11.81,-20.51,-47.47,26,false
8395ea35-5573-464c-823f-72e0c9f391dd,BKR,Simonelli Lorenzo,0001709160,"Chairman, President and CEO","Chairman, President and CEO",2020-09-02,P,buy,71275,14.1158,1006103.65,0001701605-20-000079,2020-09-02,Energy,CEO,OPPORTUNISTIC,14.109999656677246,12.649999618530273,15.710000038146973,19.229999542236328,20.850000381469727,20.309999465942383,24.979999542236328,-10.35,11.34,36.29,47.77,43.94,77.04,false,true,true,-6.67,-7.69,2.33,4.52,5.18,8.91,-3.68,19.03,33.96,43.25,38.76,68.13,-10.35,30,true
1e351989-583a-4473-b58d-42fff67894ec,MSTR,RICKERTSEN CARL J,0001203479,,Director,2020-03-09,P,buy,2000,130.08,260160,0001209191-20-018130,2020-03-11,Technology,Director,OPPORTUNISTIC,12.942999839782715,12.300000190734863,12.467000007629395,12.63599967956543,11.809000015258789,12.335000038146973,13.881999969482422,-4.97,-3.68,-2.37,-8.76,-4.7,7.25,false,false,true,-0.07,6.64,17.86,14.42,21.92,21.51,-4.9,-10.32,-20.23,-23.18,-26.62,-14.26,-28.76,9,false
0fa67c99-3674-4b5d-a22f-9c877fad1b30,MSTR,RICKERTSEN CARL J,0001203479,,Director,2022-06-13,P,buy,4000,152,608000,0001209191-22-036670,2022-06-14,Technology,Director,OPPORTUNISTIC,15.21500015258789,19.55500030517578,35.284000396728516,26.29800033569336,21.636999130249023,17.5,19.615999221801758,28.52,131.9,72.84,42.21,15.02,28.93,true,true,true,1.02,13.89,9.59,-4.6,5.25,6.39,27.5,118.01,63.25,46.81,9.77,22.54,0,0,true
249a36bb-28da-4245-982e-9dd33cba936d,MSTR,Patten Jarrod M,0001309191,,Insider,2025-05-27,P,buy,10000,101.378,1013780,0000950170-25-079133,2025-05-29,Technology,Insider (other),OPPORTUNISTIC,372.20001220703125,386.44000244140625,403.79998779296875,343.20001220703125,323.30999755859375,289.0799865722656,179.0399932861328,3.83,8.49,-7.79,-13.14,-22.33,-51.9,true,false,false,3.51,7.75,8.68,11.83,14.56,13.12,0.32,0.74,-16.47,-24.97,-36.89,-65.02,-2.14,1,false
ae2cc399-f4b2-4e0e-b84f-e5837692982e,MSTR,Patten Jarrod M,0001309191,,Insider,2025-06-05,P,buy,5000,85,425000,0000950170-25-084003,2025-06-09,Technology,Insider (other),OPPORTUNISTIC,368.7900085449219,395.6700134277344,389.239990234375,330.260009765625,351.6300048828125,264.6700134277344,181.3300018310547,7.29,5.55,-10.45,-4.65,-28.23,-50.83,true,false,false,4.66,6.43,8.55,12.84,15.22,14.92,2.63,-0.88,-19,-17.49,-43.45,-65.75,-0.44,18,false
158f37fb-bd7e-41a2-8bac-94b80b0d49df,MSTR,Patten Jarrod M,0001309191,,Insider,2025-07-29,P,buy,5555,90,499950,0000950170-25-099673,2025-07-29,Technology,Insider (other),OPPORTUNISTIC,394.6600036621094,338.8399963378906,326.4200134277344,295.6300048828125,175.63999938964844,158.80999755859375,160.5800018310547,-14.14,-17.29,-25.09,-55.5,-59.76,-59.31,false,false,false,2.15,4.47,7.87,6.99,8.67,9.05,-16.29,-21.76,-32.96,-62.49,-68.43,-68.36,-14.72,21,false
cfc8f295-4b91-45c0-ab4c-b43cbf44aa2e,MSTR,Montgomery Jeanine,0001444548,VP & CAO,VP & CAO,2025-07-29,P,buy,5000,90,450000,0000950170-25-099671,2025-07-29,Technology,Other/EVP,OPPORTUNISTIC,394.6600036621094,338.8399963378906,326.4200134277344,295.6300048828125,175.63999938964844,158.80999755859375,160.5800018310547,-14.14,-17.29,-25.09,-55.5,-59.76,-59.31,false,false,false,2.15,4.47,7.87,6.99,8.67,9.05,-16.29,-21.76,-32.96,-62.49,-68.43,-68.36,-14.72,21,false
a8e9d49f-7887-4958-b246-369d7b680a97,MSTR,Patten Jarrod M,0001309191,,Insider,2025-10-16,P,buy,11780,97.946,1153803.88,0001193125-25-243613,2025-10-20,Technology,Insider (other),OPPORTUNISTIC,283.8399963378906,195.4199981689453,162.0800018310547,179.3300018310547,133.8800048828125,147.52000427246094,137.41000366210938,-31.15,-42.9,-36.82,-52.83,-48.03,-51.59,false,false,false,0.76,3.04,4.5,3.2,1.27,5.12,-31.91,-45.94,-41.32,-56.03,-49.3,-56.71,-29.63,29,false
e02f9f77-026f-4740-8707-0d6fc5a8a216,MSTR,Patten Jarrod M,0001309191,,Insider,2025-10-17,P,buy,12000,96.875,1162500,0001193125-25-243613,2025-10-20,Technology,Insider (other),OPPORTUNISTIC,289.8699951171875,195.4199981689453,167.5,170.91000366210938,128.6699981689453,147.52000427246094,143.5399932861328,-32.58,-42.22,-41.04,-55.61,-49.11,-50.48,false,false,false,0.19,2.18,4.19,2.78,0.7,5.35,-32.77,-44.4,-45.23,-58.39,-49.81,-55.83,-31.09,28,false
963d43e4-2c0b-48e0-9919-6dba9460c0ef,MSTR,RICKERTSEN CARL J,0001203479,,Insider,2026-01-12,P,buy,5000,155.879,779395,0001193125-26-010377,2026-01-12,Technology,Insider (other),OPPORTUNISTIC,162.22999572753906,126.06999969482422,139.6699981689453,132.36000061035156,,,,-22.29,-13.91,-18.41,,,,false,false,,-0.46,-4.73,-1.3,,,,-21.83,-9.18,-17.11,,,,-34.05,24,false
4f63e95d-5a3d-46ff-a03d-4566bec45f87,SPG,HUBBARD ALLAN B,0001192086,,Director,2020-03-18,P,buy,3615,54.81,198138.15,0001179110-20-003884,2020-03-18,Real Estate,Director,OPPORTUNISTIC,44.91999816894531,56.119998931884766,56.90999984741211,75.5199966430664,62.900001525878906,68.18000030517578,67.80000305175781,24.93,26.69,68.12,40.03,51.78,50.94,true,true,true,19.43,22.92,30.4,33.66,40.8,41.02,5.5,3.77,37.72,6.37,10.98,9.92,-2.03,15,true
3ba6c41b-17d6-40b6-b484-eb5d0650bff0,VRTX,SACHS BRUCE I,0001197036,,Director,2020-11-10,P,buy,6825,216.47,1477407.75,0001209191-20-057828,2020-11-12,Healthcare,Director,OPPORTUNISTIC,215.35000610351562,224.0399932861328,234.63999938964844,214.3699951171875,214.2899932861328,213.35000610351562,212.89999389648438,4.04,8.96,-0.46,-0.49,-0.93,-1.14,true,false,false,3.58,6.96,10.3,10.04,16.23,18.05,0.46,2,-10.76,-10.53,-17.16,-19.19,-1.57,9,false
e35ba367-929c-42cd-b811-de363df7e760,VRTX,SACHS BRUCE I,0001197036,,Director,2021-08-02,P,buy,15000,197.91,2968650,0001209191-21-049602,2021-08-04,Healthcare,Director,OPPORTUNISTIC,198.32000732421875,197.13999938964844,180.35000610351562,185.39999389648438,186.94000244140625,222.4499969482422,243.0500030517578,-0.6,-9.06,-6.51,-5.74,12.17,22.55,false,false,true,3.25,-0.77,5.13,4.11,8.81,2.82,-3.85,-8.29,-11.64,-9.85,3.36,19.73,-3.71,14,false
783ac382-d395-4b72-aa1f-8963c33f0e1b,VRTX,Kewalramani Reshma,0001735944,CEO & President,CEO & President,2021-08-19,P,buy,5757,195.14,1123420.98,0001209191-21-052881,2021-08-23,Healthcare,CEO,OPPORTUNISTIC,195.0399932861328,185.6699981689453,180.8000030517578,188.25,214.5399932861328,231.07000732421875,233.41000366210938,-4.8,-7.3,-3.48,10,18.47,19.67,false,false,true,-1.32,1.67,6.43,4.55,3.78,1.42,-3.48,-8.97,-9.91,5.45,14.69,18.25,-4.07,28,false
2068d5cf-3fe5-4965-bd4a-2724d39aeed9,VRTX,SACHS BRUCE I,0001197036,,Director,2025-08-06,P,buy,1634,389.36,636214.24,0000875320-25-000218,2025-08-07,Healthcare,Director,OPPORTUNISTIC,385.6499938964844,396.1199951171875,402.8999938964844,421.6700134277344,457.3599853515625,448.79998779296875,472.010009765625,2.71,4.47,9.34,18.59,16.37,22.39,true,true,true,2.29,6.14,6.71,8.16,8.68,9.9,0.42,-1.67,2.63,10.43,7.69,12.49,-4.96,2,true
e279484e-9b80-4047-beba-0e1edb5cb5cb,VRTX,Kewalramani Reshma,0001735944,CEO & President,CEO & President,2025-08-06,P,buy,4290,389.08,1669153.2,0000875320-25-000220,2025-08-07,Healthcare,CEO,OPPORTUNISTIC,385.6499938964844,396.1199951171875,402.8999938964844,421.6700134277344,457.3599853515625,448.79998779296875,472.010009765625,2.71,4.47,9.34,18.59,16.37,22.39,true,true,true,2.29,6.14,6.71,8.16,8.68,9.9,0.42,-1.67,2.63,10.43,7.69,12.49,-4.96,2,true
1820747e-ec50-44e3-93fb-517ed023204d,TDY,MEHRABIAN ROBERT,0001184647,Executive Chairman,Executive Chairman,2021-01-29,P,buy,8800,365.78,3218864,0001094285-21-000042,2021-01-29,Technology,Other/EVP,OPPORTUNISTIC,357.010009765625,380.2900085449219,404.4100036621094,452.2200012207031,429.07000732421875,421.4800109863281,456.07000732421875,6.52,13.28,26.67,20.18,18.06,27.75,true,true,true,5.27,6.66,13.51,13.4,15.51,18.58,1.25,6.62,13.16,6.78,2.55,9.17,0,0,true
c5744cdf-8656-486a-b6b5-9a9bbc5452c6,TDY,MEHRABIAN ROBERT,0001184647,Executive Chairman,Executive Chairman,2021-03-04,P,buy,4969,359.53,1786504.57,0001094285-21-000068,2021-03-04,Technology,Other/EVP,OPPORTUNISTIC,367.6600036621094,420.94000244140625,442.1600036621094,423.4200134277344,422.5199890136719,452.8500061035156,463.3800048828125,14.49,20.26,15.17,14.92,23.17,26.03,true,true,true,7.87,11.02,11.58,15.14,16.16,19.87,6.62,9.24,3.59,-0.22,7.01,6.16,0,0,true
6363395c-9820-4a8b-8f60-dc0913be66d0,TDG,Lisman Michael,0001748275,Chief Financial Officer,Chief Financial Officer,2021-09-07,P,buy,600,590.3841,354230.46,0001209191-21-055239,2021-09-09,Industrials,CFO,OPPORTUNISTIC,590.9400024414062,648.030029296875,674.5800170898438,601.6199951171875,647.8400268554688,619.6300048828125,591.969970703125,9.66,14.15,1.81,9.63,4.85,0.17,true,true,true,-2.84,3.87,1.62,3.75,-0.61,-7.09,12.5,10.28,0.19,5.88,5.46,7.26,-1,1,true
3974adfd-6efb-4b4a-86cb-4c28db8dc049,TDG,Lisman Michael,0001748275,President & CEO,President & CEO,2025-11-14,P,buy,600,1334.13,800478,0001193125-25-284678,2025-11-17,Industrials,CEO,OPPORTUNISTIC,1340.5999755859375,1292.0799560546875,1381.97998046875,1295.969970703125,1247.8199462890625,1233.1099853515625,,-3.62,3.09,-3.33,-6.92,-8.02,,false,false,,1.31,3.25,1.39,-0.43,2.11,,-4.93,-0.16,-4.72,-6.49,-10.13,,-3.43,28,false
5d460220-253c-419c-96e3-f8a471a75db8,TDG,Lisman Michael,0001748275,President & CEO,President & CEO,2026-02-06,P,buy,950,1284.2608,1220047.76,0001193125-26-042891,2026-02-09,Industrials,CEO,OPPORTUNISTIC,1285.530029296875,1277.9300537109375,1169.5699462890625,,,,,-0.59,-9.02,,,,,false,,,-1.79,-4.55,,,,,1.2,-4.47,,,,,0,0,
958bea93-92f4-4cfb-a75a-a2ef0e1eeb5d,CME,DUFFY TERRENCE A,0001212809,Chairman and CEO,Chairman and CEO,2021-11-04,P,buy,600,220.255,132153,0001156375-21-000169,2021-11-05,Financial Services,CEO,OPPORTUNISTIC,220.57000732421875,224.4499969482422,225.4600067138672,239.3699951171875,243.77000427246094,234.58999633789062,219.16000366210938,1.76,2.22,8.52,10.52,6.36,-0.64,true,true,false,-1.74,2.31,-2.05,-7.44,-2.17,-10.82,3.5,-0.09,10.57,17.96,8.53,10.18,-0.25,27,true
e4a076c6-5edd-4033-bce3-4f3b68796d29,UBER,KHOSROWSHAHI DARA,0001184237,Chief Executive Officer,Chief Executive Officer,2021-11-15,P,buy,200000,44.9227,8984540,0001562180-21-007059,2021-11-16,Technology,CEO,OPPORTUNISTIC,43.61000061035156,37.83000183105469,41.5099983215332,34.59000015258789,29.799999237060547,32.68000030517578,23.59000015258789,-13.25,-4.82,-20.68,-31.67,-25.06,-45.91,false,false,false,0.68,-0.58,-6.08,-8.83,-6.34,-14.41,-13.93,-4.24,-14.6,-22.84,-18.72,-31.5,-18.07,28,false
a2535e9d-d1e7-495a-93d0-3888d4661c28,UBER,KHOSROWSHAHI DARA,0001184237,Chief Executive Officer,Chief Executive Officer,2022-05-06,P,buy,200000,26.7276,5345520,0001562180-22-003904,2022-05-09,Technology,CEO,OPPORTUNISTIC,26.06999969482422,24.729999542236328,22.520000457763672,31.850000381469727,28.889999389648438,26.719999313354492,28.809999465942383,-5.14,-13.62,22.17,10.82,2.49,10.51,false,true,true,0.11,-7.14,0.69,-5,-10.87,-8.87,-5.25,-6.48,21.48,15.82,13.36,19.38,-17.34,18,true
ee879b5d-2ae1-46d0-8cee-8f523ca062ab,AXON,Kalinowski Caitlin Elizabeth,0001786512,,Insider,2021-11-30,P,buy,591,175.45,103690.95,0001415889-21-005635,2021-12-02,Industrials,Insider (other),OPPORTUNISTIC,168.7899932861328,156.07000732421875,139.92999267578125,140.25,139,112.19999694824219,101.36000061035156,-7.54,-17.1,-16.91,-17.65,-33.53,-39.95,false,false,false,4.52,-1.24,-4.16,0.69,-9.56,-9.36,-12.06,-15.86,-12.75,-18.34,-23.97,-30.59,-17.71,13,false
b42ac673-dc08-401b-b990-e6579447e701,GME,Cheng Lawrence,0001868288,,Director,2022-03-21,P,buy,3000,96.455,289365,0001326380-22-000026,2022-03-23,Consumer Cyclical,Director,OPPORTUNISTIC,23.549999237060547,37.212501525878906,23.915000915527344,35.06999969482422,37.92499923706055,37.93000030517578,28.959999084472656,58.01,1.55,48.92,61.04,61.06,22.97,true,true,true,0.07,-12.32,-15.6,-11.73,-3.71,-12.57,57.94,13.87,64.52,72.77,64.77,35.54,0,0,true
f7911e0d-777e-4790-8b64-db2d2e8105cf,GME,Cheng Lawrence,0001868288,,Director,2023-03-29,P,buy,5000,22.7979,113989.5,0001628280-23-010284,2023-03-31,Consumer Cyclical,Director,OPPORTUNISTIC,22.459999084472656,19.290000915527344,24.56999969482422,23.579999923706055,22.219999313354492,17.56999969482422,17.670000076293945,-14.11,9.39,4.99,-1.07,-21.77,-21.33,false,true,false,3.63,4.69,8.68,12.74,10.32,7.69,-17.74,4.7,-3.69,-13.81,-32.09,-29.02,-16.96,28,true
115e24c2-3ec3-43cd-938f-4613d5c650af,GME,Cheng Lawrence,0001868288,,Director,2023-06-09,P,buy,5000,22.3799,111899.5,0001628280-23-021796,2023-06-12,Consumer Cyclical,Director,OPPORTUNISTIC,22.68000030517578,23.540000915527344,20.739999771118164,18.889999389648438,15.399999618530273,13.529999732971191,14.84000015258789,3.79,-8.55,-16.71,-32.1,-40.34,-34.57,true,false,false,2.27,4.38,3.48,0.56,1.35,5.78,1.52,-12.93,-20.19,-32.66,-41.69,-40.35,0,0,false
f6f8ecda-b8a3-4e9c-8ce4-a9c33562a800,GME,Cheng Lawrence,0001868288,,Director,2024-07-08,P,buy,4140,24.85,102879,0001326380-24-000094,2024-07-09,Consumer Cyclical,Director,OPPORTUNISTIC,24.450000762939453,20.829999923706055,23.920000076293945,20.899999618530273,22.989999771118164,28.6299991607666,32.81999969482422,-14.81,-2.17,-14.52,-5.97,17.1,34.23,false,false,true,-6.59,-2.69,2.25,3.86,9.25,7.22,-8.22,0.52,-16.77,-9.83,7.85,27.01,-15.54,28,false
beb8ac01-a293-4b20-94eb-8753e89e7a4e,GME,Cheng Lawrence,0001868288,,Director,2025-04-03,P,buy,5000,21.54,107700,0001628280-25-016980,2025-04-07,Consumer Cyclical,Director,OPPORTUNISTIC,21.100000381469727,26.600000381469727,30.639999389648438,23.950000762939453,22.100000381469727,23.40999984741211,27.280000686645508,26.07,45.21,13.51,4.74,10.95,29.29,true,true,true,5,10.44,15.6,15.84,19.3,24.13,21.07,34.77,-2.09,-11.1,-8.35,5.16,0,0,true
6898c427-01f8-4562-965b-953116f5e3c8,GME,Cheng Lawrence,0001868288,,Director,2026-01-23,P,buy,5000,22.8737,114368.5,0001868288-26-000002,2026-01-26,Consumer Cyclical,Director,OPPORTUNISTIC,22.989999771118164,23.639999389648438,22.809999465942383,25.010000228881836,,,,2.83,-0.78,8.79,,,,true,true,,-0.99,-5.23,2.79,,,,3.82,4.45,6,,,,-0.78,6,true
d1b40054-41e3-4cf3-a86d-1c9cf31451a0,CNC,Samuels Theodore R. II,0001688276,,Director,2022-04-28,P,buy,6270,80.94,507493.8,0001071739-22-000212,2022-05-02,Healthcare,Director,OPPORTUNISTIC,81.58999633789062,81.44000244140625,84.56999969482422,92.51000213623047,89.94000244140625,77.70999908447266,83.62999725341797,-0.18,3.65,13.38,10.23,-4.76,2.5,false,true,true,-3.48,-9.17,-6.26,-5.26,-14.84,-10.03,3.3,12.82,19.64,15.49,10.08,12.53,-3.1,4,true
f4d3bc73-fd15-4f33-b825-db98e188d886,CNC,LONDON SARAH,0001845762,Chief Executive Officer,Chief Executive Officer,2023-03-17,P,buy,30000,62.6,1878000,0001071739-23-000059,2023-03-17,Healthcare,CEO,OPPORTUNISTIC,62.54999923706055,68.69999694824219,65.44999694824219,66.12000274658203,65.06999969482422,66.8499984741211,68.33999633789062,9.83,4.64,5.71,4.03,6.87,9.26,true,true,true,6.14,5.2,13.49,15.6,14.9,14.49,3.69,-0.56,-7.78,-11.57,-8.03,-5.23,0,0,true
49b750f0-9ef6-40e9-8550-4b423a110830,CNC,LONDON SARAH,0001845762,Chief Executive Officer,Chief Executive Officer,2024-11-08,P,buy,4117,60.8,250313.6,0001071739-24-000203,2024-11-08,Healthcare,CEO,OPPORTUNISTIC,60.150001525878906,58.4900016784668,62.61000061035156,58.630001068115234,59.439998626708984,61.349998474121094,62.91999816894531,-2.76,4.09,-2.53,-1.18,2,4.61,false,false,true,1.08,-1.6,1.36,-6.29,-15.68,-6.19,-3.84,5.69,-3.89,5.11,17.68,10.8,-5.64,28,false
9d446a9a-d1ab-49f0-be93-35969af1fb34,CNC,Samuels Theodore R. II,0001688276,,Director,2024-12-13,P,buy,5000,58.86,294300,0001071739-24-000223,2024-12-17,Healthcare,Director,OPPORTUNISTIC,59.41999816894531,63.70000076293945,57.38999938964844,57.959999084472656,63.0099983215332,62.869998931884766,55.27000045776367,7.2,-3.42,-2.46,6.04,5.81,-6.98,true,false,false,-3.78,0.18,-8.74,-10.77,-3.51,-0.47,10.98,-3.6,6.28,16.81,9.32,-6.51,-2.71,4,false
538fe23a-0995-4279-8131-83a1a97cb99f,CNC,Samuels Theodore R. II,0001688276,,Director,2025-07-28,P,buy,9000,27.62,248580,0001071739-25-000153,2025-07-29,Healthcare,Director,OPPORTUNISTIC,26.860000610351562,28.84000015258789,34.86000061035156,33.150001525878906,39.65999984741211,40.5099983215332,46.279998779296875,7.37,29.78,23.42,47.65,50.82,72.3,true,true,true,1.52,3.91,7.58,5.98,8.38,8.76,5.85,25.87,15.84,41.67,42.44,63.54,-6.14,9,true
b7cd9df4-b841-4610-84a1-fb20f16ceeb2,CNC,LONDON SARAH,0001845762,Chief Executive Officer,Chief Executive Officer,2025-08-08,P,buy,19230,25.5,490365,0001071739-25-000157,2025-08-11,Healthcare,CEO,OPPORTUNISTIC,25.59000015258789,28.84000015258789,38.41999816894531,37.099998474121094,37.880001068115234,44.68000030517578,40.959999084472656,12.7,50.14,44.98,48.03,74.6,60.06,true,true,true,1.83,5.01,5.2,7.29,7.93,7.69,10.87,45.13,39.78,40.74,66.67,52.37,-1.33,3,true
e1dfc0c1-b597-4cbc-97e1-d229921eb4d5,RCL,Sorensen Vagn O,0001526945,,Director,2022-06-09,P,buy,2785,53.73,149638.05,0001567619-22-012672,2022-06-10,Consumer Cyclical,Director,OPPORTUNISTIC,49.369998931884766,32.59000015258789,40.22999954223633,43.790000915527344,43.599998474121094,52.0099983215332,57.630001068115234,-33.99,-18.51,-11.3,-11.69,5.35,16.73,false,false,true,-4.29,2.88,-0.91,-9.63,-5.35,-1.9,-29.7,-21.39,-10.39,-2.06,10.7,18.63,-31.76,27,false
39d5a8d0-99bf-431e-bee7-107af3ce9ed9,RCL,Montiel Maritza Gomez,0001640081,,Insider,2023-08-10,P,buy,1000,103.7,103700,0001140361-23-039771,2023-08-14,Consumer Cyclical,Insider (other),OPPORTUNISTIC,103.56999969482422,97.66000366210938,88.2300033569336,95.41999816894531,120.47000122070312,124.12000274658203,120.56999969482422,-5.71,-14.81,-7.87,16.32,19.84,16.41,false,false,true,0.57,-3.05,-1.94,3.2,6.43,10.78,-6.28,-11.76,-5.93,13.12,13.41,5.63,-6.17,28,false
918919c6-df9f-4201-b749-960bb7eb1294,FSLR,Bradley Alexander R.,0001645425,Chief Financial Officer,Chief Financial Officer,2022-08-01,P,buy,1990,100.56,200114.4,0001127602-22-020140,2022-08-02,Technology,CFO,OPPORTUNISTIC,99.48999786376953,127.55000305175781,132.27000427246094,145.57000732421875,161.80999755859375,148.77999877929688,170.77999877929688,28.2,32.95,46.32,62.64,49.54,71.66,true,true,true,-3.8,-13.05,-5.98,-3.78,-6.65,-2.48,32,46,52.3,66.42,56.19,74.14,-1.61,2,true
100b78d5-9ed0-4252-8c06-3ed5075cd92c,FSLR,ANTOUN GEORGES,0001234459,Chief Commercial Officer,Chief Commercial Officer,2022-08-05,P,buy,9946,100.53,999871.38,0001127602-22-020614,2022-08-05,Technology,Other/EVP,OPPORTUNISTIC,101.9000015258789,127.5999984741211,143.05999755859375,157.72999572753906,167.13999938964844,145.94000244140625,180.14999389648438,25.22,40.39,54.79,64.02,43.22,76.79,true,true,true,-5.49,-8.59,-10.27,-3.36,-7.9,-0.65,30.71,48.98,65.06,67.38,51.12,77.44,0,0,true
c71bbb9d-de64-44c4-a527-6aaefdbeed49,FCX,Lance Ryan Michael,0001464560,,Director,2022-08-29,P,buy,31000,31.8811,988314.1,0001209191-22-048018,2022-08-30,Basic Materials,Director,OPPORTUNISTIC,31.5,27.860000610351562,32.20000076293945,36.189998626708984,38.880001068115234,45.45000076293945,40.11000061035156,-11.56,2.22,14.89,23.43,44.29,27.33,false,true,true,-7.97,-3.38,-1.67,-5.27,0.53,-1.22,-3.59,5.6,16.56,28.7,43.76,28.55,-15.87,28,true
8c47f0ff-299a-4ddb-9fe0-1e3d9e10562b,FCX,Lewis Sara Grootwassink,0001165970,,Director,2023-05-12,P,buy,4000,34.8992,139596.8,0001209191-23-029590,2023-05-15,Basic Materials,Director,OPPORTUNISTIC,34.9900016784668,37.81999969482422,39.709999084472656,42.380001068115234,40.11000061035156,36.83000183105469,33.61000061035156,8.09,13.49,21.12,14.63,5.26,-3.94,true,true,false,5.4,7.5,8.34,8.96,5.03,6.23,2.69,5.99,12.78,5.67,0.23,-10.17,-5.09,12,true
75b2ef84-2f85-40c6-9d58-f6c430f432cb,COHR,CORASANTI JOSEPH J,0001222114,,Director,2022-09-13,P,buy,10000,43.844,438440,0001222114-22-000002,2022-09-15,Technology,Director,OPPORTUNISTIC,43.56999969482422,32.790000915527344,37.88999938964844,35.40999984741211,39.349998474121094,42.380001068115234,37.02000045776367,-24.74,-13.04,-18.73,-9.69,-2.73,-15.03,false,false,false,-6.9,0.51,1.49,0.62,3.8,-1.97,-17.84,-13.55,-20.22,-10.31,-6.53,-13.06,-25.36,29,false
f97ada71-218d-4849-bc2e-11ecae35726a,ALLE,Stone John H,0001817149,President and CEO,President and CEO,2022-10-28,P,buy,12400,104.4551,1295243.24,0001127602-22-024515,2022-10-31,Industrials,CEO,OPPORTUNISTIC,106.19000244140625,112.25,105.9800033569336,113.25,113,102.4000015258789,107.48999786376953,5.71,-0.2,6.65,6.41,-3.57,1.22,true,true,true,1.77,-1.96,4.04,2.24,1.92,3.94,3.94,1.76,2.61,4.17,-5.49,-2.72,-3.94,5,true
8cddbb21-0c65-47ea-ab1d-116b8bf19b08,ALLE,Stone John H,0001817149,President and CEO,President and CEO,2023-07-27,P,buy,17500,116.6224,2040892,0001127602-23-021542,2023-07-28,Industrials,CEO,OPPORTUNISTIC,115.51000213623047,110.80999755859375,103.98999786376953,96.5199966430664,105.04000091552734,127.4800033569336,124.33000183105469,-4.07,-9.97,-16.44,-9.06,10.36,7.64,false,false,true,-2.15,-4.48,-7.72,0.62,5.12,7.15,-1.92,-5.49,-8.72,-9.68,5.24,0.49,-8.35,21,false
59a63c57-cab9-4b75-abd0-0edf00fab178,ALLE,Stone John H,0001817149,President and CEO,President and CEO,2024-02-22,P,buy,10000,132.4146,1324146,0001127602-24-006966,2024-02-26,Industrials,CEO,OPPORTUNISTIC,129.66000366210938,132.91000366210938,125.41999816894531,123.06999969482422,116.2300033569336,126.66999816894531,132.2100067138672,2.51,-3.27,-5.08,-10.36,-2.31,1.97,true,false,true,2.42,-1.53,4.4,7.29,9.29,10.09,0.09,-1.74,-9.48,-17.65,-11.6,-8.12,-2.21,8,false
45ce8322-1546-438d-88b3-b8471b2b84bf,ALLE,Stone John H,0001817149,President and CEO,President and CEO,2024-07-26,P,buy,3233,134.498,434832.03,0001127602-24-021168,2024-07-30,Industrials,CEO,OPPORTUNISTIC,136.77000427246094,137.7100067138672,143.83999633789062,145.27000427246094,142.6699981689453,132.1300048828125,132.17999267578125,0.69,5.17,6.21,4.31,-3.39,-3.36,true,true,false,3,4.93,6.39,9.75,9.23,11.39,-2.31,0.24,-0.18,-5.44,-12.62,-14.75,-7.49,12,true
5bc03af6-6a6f-412f-9573-f0d71b512aeb,ALLE,Stone John H,0001817149,President and CEO,President and CEO,2024-12-03,P,buy,7500,140.6995,1055246.25,0001127602-24-028674,2024-12-04,Industrials,CEO,OPPORTUNISTIC,140.49000549316406,128.58999633789062,128.72999572753906,126.5199966430664,132.14999389648438,140.92999267578125,139.41000366210938,-8.47,-8.37,-9.94,-5.94,0.31,-0.77,false,false,false,-3.19,-1.02,-3.33,-6.52,-6.15,-1.85,-5.28,-7.35,-6.61,0.58,6.46,1.08,-8.47,30,false
fd4d6df8-db37-4428-8aa8-3c1f1b43b14b,DDOG,Jacobson Matthew,0001783518,,Director,2022-11-07,P,buy,234092,69.2621,16213703.51,0000899243-22-035445,2022-11-09,Technology,Director,OPPORTUNISTIC,69.4800033569336,68.27999877929688,64.13999938964844,76.95999908447266,74.81999969482422,65.83000183105469,78.54000091552734,-1.73,-7.69,10.77,7.69,-5.25,13.04,false,true,true,3.48,2.14,7.86,4.82,7.7,8.63,-5.21,-9.83,2.91,2.87,-12.95,4.41,-3.25,2,true
59d6bf04-6e95-436d-b85b-5615557f3649,DDOG,Jacobson Matthew,0001783518,,Director,2022-11-08,P,buy,3582,70.0536,250932,0000899243-22-035445,2022-11-09,Technology,Director,OPPORTUNISTIC,70.48999786376953,74.0199966430664,65.94000244140625,76.95999908447266,71.9800033569336,66.13999938964844,78.54000091552734,5.01,-6.45,9.18,2.11,-6.17,11.42,true,true,true,3.73,1.53,7.29,4.43,7.23,8.05,1.28,-7.98,1.89,-2.32,-13.4,3.37,-4.64,1,true
5895b753-34e7-4fd8-9473-d42524d87923,DDOG,Jacobson Matthew,0001783518,,Director,2022-11-09,P,buy,69178,66.9713,4632940.59,0000899243-22-035704,2022-11-14,Technology,Director,OPPORTUNISTIC,67.22000122070312,74.55999755859375,65.94000244140625,80.31999969482422,69.91000366210938,66.13999938964844,78.54000091552734,10.92,-1.9,19.49,4,-1.61,16.84,true,true,true,5.12,3.67,10.97,4.66,9.48,10.32,5.8,-5.57,8.52,-0.66,-11.09,6.52,0,0,true
45752c4c-4ba1-46cd-b1db-dee4011bb97b,DDOG,Jacobson Matthew,0001783518,,Director,2022-11-30,P,buy,7965,70.4189,560886.54,0000899243-22-037474,2022-12-02,Technology,Director,OPPORTUNISTIC,75.77999877929688,73.5,73.83999633789062,76.5199966430664,67.91000366210938,65.4000015258789,93.69000244140625,-3.01,-2.56,0.98,-10.39,-13.7,23.63,false,true,true,-6.19,-1.74,-2.8,-0.98,1.92,3.07,3.18,-0.82,3.78,-9.41,-15.62,20.56,-9.9,7,true
936a675b-c18e-4ff4-b855-957b89fab289,DDOG,Jacobson Matthew,0001783518,,Director,2022-12-05,P,buy,49690,70.0742,3481987,0000899243-22-037930,2022-12-07,Technology,Director,OPPORTUNISTIC,70.26000213623047,68.95999908447266,79.45999908447266,76.58000183105469,69.31999969482422,75.4000015258789,100.3499984741211,-1.85,13.09,9,-1.34,7.32,42.83,false,true,true,-3.96,3.19,1.22,2.27,1.39,6.88,2.11,9.9,7.78,-3.61,5.93,35.95,-2.82,2,true
ef5ca167-7648-476d-a496-8194f2d7ab6b,DDOG,Jacobson Matthew,0001783518,,Director,2022-12-06,P,buy,27994,68.0772,1905753.14,0000899243-22-037930,2022-12-07,Technology,Director,OPPORTUNISTIC,68.58000183105469,63.5,76.95999908447266,76.58000183105469,66.11000061035156,76.56999969482422,100.3499984741211,-7.41,12.22,11.67,-3.6,11.65,46.33,false,true,true,-3.67,4.06,2.7,3.5,4.77,8.45,-3.74,8.16,8.97,-7.1,6.88,37.88,-7.41,30,true
64c0c1c5-24f0-47a2-b351-c14eef0d00df,ESS,Johnson Amal M,0001388397,,Director,2022-12-02,P,buy,500,218.44,109220,0000920522-22-000065,2022-12-05,Real Estate,Director,OPPORTUNISTIC,217.72000122070312,211.30999755859375,226.07000732421875,226.52999877929688,208.33999633789062,220.66000366210938,216.05999755859375,-2.94,3.84,4.05,-4.31,1.35,-0.76,false,true,false,-6.41,-0.11,-2.24,0.99,2.11,2.69,3.47,3.95,6.29,-5.3,-0.76,-3.45,-4.69,18,true
76794bde-bcf9-4308-84a6-c34945a595d6,CRL,WALLMAN RICHARD F,0001198092,,Director,2022-12-02,P,buy,1500,218.9,328350,0001127602-22-026970,2022-12-06,Healthcare,Director,OPPORTUNISTIC,222.66000366210938,218.39999389648438,243.25,226.3300018310547,200.25999450683594,190.10000610351562,193.3800048828125,-1.91,9.25,1.65,-10.06,-14.62,-13.15,false,true,false,-6.41,-0.11,-2.24,0.99,2.11,2.69,4.5,9.36,3.89,-11.05,-16.73,-15.84,-9.31,10,true
91ae3a62-ccf7-4f26-adcd-ad8f871cee29,CRL,WALLMAN RICHARD F,0001198092,,Director,2023-02-23,P,buy,1750,220.73,386277.5,0001127602-23-007053,2023-02-24,Healthcare,Director,OPPORTUNISTIC,227.27999877929688,197.4600067138672,203.8300018310547,199.3800048828125,207.80999755859375,207.25,200.22000122070312,-13.12,-10.32,-12.28,-8.57,-8.81,-11.91,false,false,false,-1.04,2.99,2.6,8.12,13.36,9.36,-12.08,-13.31,-14.88,-16.69,-22.17,-21.27,-15.26,25,false
3cceb2b4-aed6-4014-9938-921797a92650,CRL,WALLMAN RICHARD F,0001198092,,Director,2023-08-24,P,buy,1000,198.786,198786,0001127602-23-023362,2023-08-29,Healthcare,Director,OPPORTUNISTIC,198.6199951171875,197.57000732421875,181.25,194.9499969482422,236.22999572753906,215.82000732421875,238.94000244140625,-0.53,-8.75,-1.85,18.94,8.66,20.3,false,false,true,-1.07,-3.76,4.15,8.41,10.66,13.7,0.54,-4.99,-6,10.53,-2,6.6,-0.76,19,false
8a94d081-94cb-4bb9-bcd0-2d44a32beaa0,CRL,FOSTER JAMES C,0001141722,"Chairman, President and CEO","Chairman, President and CEO",2023-11-14,P,buy,5620,178.05,1000641,0001127602-23-027415,2023-11-15,Healthcare,CEO,OPPORTUNISTIC,178.3699951171875,229.25999450683594,206.42999267578125,225.77999877929688,261.17999267578125,241.33999633789062,228.41000366210938,28.53,15.73,26.58,46.43,35.3,28.05,true,true,true,5.19,5.84,11.64,14.98,13.84,16.09,23.34,9.89,14.94,31.45,21.46,11.96,0,0,true
7ef1b92f-2e89-427d-834e-839264a02708,CRL,FOSTER JAMES C,0001141722,"Chairman, President and CEO","Chairman, President and CEO",2025-02-20,P,buy,6075,165.01,1002435.75,0001127602-25-006253,2025-02-21,Healthcare,CEO,OPPORTUNISTIC,162.25,166.97999572753906,102.66999816894531,134.97999572753906,147.4499969482422,149.7899932861328,158.47999572753906,2.92,-36.72,-16.81,-9.12,-7.68,-2.32,true,false,false,-5.95,-15.81,-4.51,-2.64,3.01,4.82,8.87,-20.91,-12.3,-6.48,-10.69,-7.14,0,0,false
e2067482-d42d-4eef-bb08-159603564730,ITW,SMITH DAVID BYRON JR,0001478669,,Director,2022-12-09,P,buy,1390,221.81,308315.9,0001478669-22-000006,2022-12-12,Industrials,Director,OPPORTUNISTIC,219.75999450683594,226.9600067138672,239.25999450683594,234.7899932861328,228.72999572753906,228.6300048828125,236.44000244140625,3.28,8.87,6.84,4.08,4.04,7.59,true,true,true,-1.38,5.57,-0.44,4.15,4.95,8.46,4.66,3.3,7.28,-0.07,-0.91,-0.87,-1.35,7,true
1b047f78-8933-4708-a076-c479719bd9ea,ITW,SMITH DAVID BYRON JR,0001478669,,Director,2023-11-30,P,buy,1000,241.79,241790,0001478669-23-000011,2023-12-01,Industrials,Director,OPPORTUNISTIC,242.2100067138672,260.5899963378906,264.17999267578125,262.6700134277344,265.2300109863281,249.24000549316406,237.41000366210938,7.59,9.07,8.45,9.5,2.9,-1.98,true,true,false,3.56,7.64,10.92,14.41,11.76,16.08,4.03,1.43,-2.47,-4.91,-8.86,-18.06,0,0,true
91470c1c-6443-4f6e-89aa-419b6ce449d3,ITW,SMITH DAVID BYRON JR,0001478669,,Director,2024-06-13,P,buy,775,238.82,185085.5,0001478669-24-000006,2024-06-17,Industrials,Director,OPPORTUNISTIC,240.60000610351562,246.72999572753906,236.6199951171875,247.02000427246094,260.5899963378906,274.2699890136719,273.75,2.55,-1.65,2.67,8.31,13.99,13.78,true,true,true,3.52,-1.69,2.21,6.84,10.38,11.13,-0.97,0.04,0.46,1.47,3.61,2.65,-3.1,22,true
ee70fef2-39e1-494e-8b73-e9796a930f82,ITW,SMITH DAVID BYRON JR,0001478669,,Director,2024-12-09,P,buy,635,275.2,174752,0001478669-24-000013,2024-12-11,Industrials,Director,OPPORTUNISTIC,274.07000732421875,247.61000061035156,255.55999755859375,267.6700134277344,218.41000366210938,243.08999633789062,247.27999877929688,-9.65,-6.75,-2.34,-20.31,-11.3,-9.77,false,false,false,-2.51,-0.65,-7.29,-17.89,-6.55,-0.83,-7.14,-6.1,4.95,-2.42,-4.75,-8.94,-9.65,30,false
1a1d70ef-acb4-4d8a-8ec9-a53fb3537892,ITW,SMITH DAVID BYRON JR,0001478669,,Insider,2025-06-02,P,buy,872,241.16,210291.52,0000950170-25-081449,2025-06-04,Industrials,Insider (other),OPPORTUNISTIC,242.64999389648438,256.45001220703125,252.30999755859375,262.260009765625,260.760009765625,243.63999938964844,247.49000549316406,5.69,3.98,8.08,7.46,0.41,1.99,true,true,true,4.68,4.89,8.02,12.4,14.7,14.77,1.01,-0.91,0.06,-4.94,-14.29,-12.78,-0.84,18,true
8e354ef7-4627-4f43-943f-592a20e09765,ITW,SMITH DAVID BYRON JR,0001478669,,Director,2025-12-10,P,buy,6709,250.13,1678122.17,0000049826-25-000061,2025-12-12,Industrials,Director,OPPORTUNISTIC,253.52999877929688,255.1199951171875,290.5799865722656,273.2900085449219,273.17999267578125,,,0.63,14.61,7.79,7.75,,,true,true,,0.95,0.93,-1.51,-1.11,,,-0.32,13.68,9.3,8.86,,,-2.85,21,true
a7b441df-f844-4875-9f16-a7f4a8780211,CRWD,AUSTIN ROXANNE S,0001061632,,Insider,2022-12-27,P,buy,15000,100.0267,1500400.5,0001415889-22-013065,2022-12-29,Technology,Insider (other),OPPORTUNISTIC,100.66000366210938,104.47000122070312,120.6500015258789,131.38999938964844,124.12000274658203,154.1199951171875,141.80999755859375,3.79,19.86,30.53,23.31,53.11,40.88,true,true,true,6.12,4.28,3.96,6.02,10.13,13.12,-2.33,15.58,26.57,17.29,42.98,27.76,-5.9,10,true
f18e64c7-39c1-4606-82ae-55ed64d59b30,CRWD,AUSTIN ROXANNE S,0001061632,,Insider,2022-12-28,P,buy,10000,99.31,993100,0001415889-22-013065,2022-12-29,Technology,Insider (other),OPPORTUNISTIC,99.95999908447266,104.3499984741211,120.6500015258789,128.63999938964844,126.05000305175781,158.58999633789062,141.80999755859375,4.39,20.7,28.69,26.1,58.65,41.87,true,true,true,7.7,5.59,5.03,9.49,11.55,14.54,-3.31,15.11,23.66,16.61,47.1,27.33,-5.24,9,true
e45f9ca4-bb9d-4458-b3c5-62aabf3eeeac,CRWD,AUSTIN ROXANNE S,0001061632,,Insider,2023-01-05,P,buy,15500,99,1534500,0001415889-23-002556,2023-02-14,Technology,Insider (other),OPPORTUNISTIC,94.88999938964844,109.41999816894531,127.58999633789062,127.80000305175781,122.44999694824219,154.0800018310547,145.0800018310547,15.31,34.46,34.68,29.04,62.38,52.89,true,true,true,8.03,6.61,7.44,8.76,12.58,16.8,7.28,27.85,27.24,20.28,49.8,36.09,-0.18,1,true
ba463c04-174d-4447-8cc7-dcbfc9f7d084,PNC,DEMCHAK WILLIAM S,0001198053,President/CEO,President/CEO,2023-01-20,P,buy,6550,153.38,1004639,0001209191-23-004519,2023-01-24,Financial Services,CEO,OPPORTUNISTIC,154.8699951171875,155.47999572753906,131.6199951171875,125.5999984741211,120.41999816894531,126.45999908447266,132.3699951171875,0.39,-15.01,-18.9,-22.24,-18.34,-14.53,true,false,false,0.81,0.77,4.04,5.79,10.43,14.98,-0.42,-15.78,-22.94,-28.03,-28.77,-29.51,0,0,false
e5b48f1b-21cb-4253-b075-ba0153afe219,NEE,Pimentel Armando Jr,0001427404,,Insider,2023-02-21,P,buy,13200,75.44,995808,0001062993-23-004379,2023-02-22,Utilities,Insider (other),OPPORTUNISTIC,73.66000366210938,73.80999755859375,79.04000091552734,74.58000183105469,75.77999877929688,75.9000015258789,67.08000183105469,0.2,7.3,1.25,2.88,3.04,-8.93,true,true,false,-1.48,3.39,4.94,8.98,13.3,10.09,1.68,3.91,-3.69,-6.1,-10.26,-19.02,-5.15,8,true
bcd5542f-6f37-4e3d-8322-e34a045b3d38,ETR,MINOR ANASTASIA,0001966441,,Insider,2023-02-27,P,buy,2500,107.5,268750,0001062993-23-005313,2023-03-01,Utilities,Insider (other),OPPORTUNISTIC,53.040000915527344,53.08000183105469,53.790000915527344,48.3650016784668,49.400001525878906,51.814998626708984,47.63999938964844,0.08,1.41,-8.81,-6.86,-2.31,-10.18,true,false,false,0.91,4.58,5.64,9.66,13.77,11.32,-0.83,-3.17,-14.45,-16.52,-16.08,-21.5,-5.4,24,false
af7dcbb1-331d-4452-8f53-5ced150e629e,SCHW,Wurster Richard A,0001889263,President,President,2023-03-14,P,buy,5000,57.2793,286396.5,0001062993-23-006877,2023-03-14,Financial Services,President,OPPORTUNISTIC,56.68000030517578,51.4900016784668,50.939998626708984,53.970001220703125,58.40999984741211,64.08000183105469,59.81999969482422,-9.16,-10.13,-4.78,3.05,13.06,5.54,false,false,true,5.55,5.43,10.74,13.86,13.76,14.48,-14.71,-15.56,-15.52,-10.81,-0.7,-8.94,-13.78,22,false
0ec4ac3f-53ff-41d8-bf0b-db064eff0585,SCHW,Wurster Richard A,0001889263,President,President,2023-03-17,P,buy,2000,54.3863,108772.6,0001062993-23-007229,2023-03-17,Financial Services,President,OPPORTUNISTIC,56.40999984741211,52.77000045776367,50.09000015258789,55.5099983215332,58.63999938964844,61.779998779296875,58.72999954223633,-6.45,-11.2,-1.6,3.95,9.52,4.11,false,false,true,6.14,5.2,13.49,15.6,14.9,14.49,-12.59,-16.4,-15.09,-11.65,-5.38,-10.38,-13.37,19,false
5f957880-e63f-4815-96bd-8d9b7971b15e,SCHW,Wurster Richard A,0001889263,President,President,2024-07-17,P,buy,10000,62.0454,620454,0001889263-24-000004,2024-07-19,Financial Services,President,OPPORTUNISTIC,63.79999923706055,65.55000305175781,63.689998626708984,71.95999908447266,80.19000244140625,77.94000244140625,72.66000366210938,2.74,-0.17,12.79,25.69,22.16,13.89,true,true,true,-0.47,1.06,4.1,6.54,8.95,4.39,3.21,-1.23,8.69,19.15,13.21,9.5,-3.18,26,true
7d1fef9f-a069-4bc9-acaf-c73aa8da89a4,KEY,Paine Andrew J III,0001669883,Head of Institutional Bank,Head of Institutional Bank,2023-05-03,P,buy,75000,9.78,733500,0000091576-23-000075,2023-05-04,Financial Services,Other/EVP,OPPORTUNISTIC,9.529999732971191,10.279999732971191,9.569999694824219,11.989999771118164,11.329999923706055,10.449999809265137,10.079999923706055,7.87,0.42,25.81,18.89,9.65,5.77,true,true,true,4.88,8.77,11.88,10.37,4.73,1.86,2.99,-8.35,13.93,8.52,4.92,3.91,-6.3,1,true
88c5ae18-356e-46c6-9ad8-bccaaf2c2748,LYFT,Risher John David,0001869638,Chief Executive Officer,Chief Executive Officer,2023-08-11,P,buy,100000,11.463,1146300,0001209191-23-045768,2023-08-15,Technology,CEO,OPPORTUNISTIC,11.380000114440918,11.329999923706055,11.180000305175781,10.079999923706055,14.359999656677246,13.550000190734863,12.449999809265137,-0.44,-1.76,-11.42,26.19,19.07,9.4,false,false,true,0.63,-2.49,-2.65,3.67,6.5,11.77,-1.07,0.73,-8.77,22.52,12.57,-2.37,-10.19,14,false
84ec5f67-f425-489f-9958-bbf38f3f4f75,LYFT,Risher John David,0001869638,Chief Executive Officer,Chief Executive Officer,2024-08-09,P,buy,51815,9.6695,501025.14,0001415889-24-021149,2024-08-13,Technology,CEO,OPPORTUNISTIC,9.760000228881836,10.800000190734863,12.4399995803833,17.690000534057617,16.299999237060547,14.390000343322754,13.420000076293945,10.66,27.46,81.25,67.01,47.44,37.5,true,true,true,2.52,7.54,11.75,13.45,11.7,13.36,8.14,19.92,69.5,53.56,35.74,24.14,-0.51,3,true
35d114cb-8bd8-45cb-b773-7d7073e08787,LYFT,Risher John David,0001869638,Chief Executive Officer,Chief Executive Officer,2024-11-12,P,buy,13790,18.1488,250271.95,0001415889-24-026848,2024-11-14,Technology,CEO,OPPORTUNISTIC,18.34000015258789,14.850000381469727,12.989999771118164,15.119999885559082,11.609999656677246,11.029999732971191,17.209999084472656,-19.03,-29.17,-17.56,-36.7,-39.86,-6.16,false,false,false,1.24,-2.6,1.33,-6.37,-10.55,-2.33,-20.27,-26.57,-18.89,-30.33,-29.31,-3.83,-19.03,30,false
d5b9277e-c79e-4437-a93f-e7ad95e5efbf,LYFT,Risher John David,0001869638,Chief Executive Officer,Chief Executive Officer,2025-09-03,P,buy,5926,16.875,100001.25,0001415889-25-023819,2025-09-05,Technology,CEO,OPPORTUNISTIC,16.920000076293945,21.989999771118164,20.950000762939453,22.239999771118164,19.790000915527344,17.260000228881836,13.729999542236328,29.96,23.82,31.44,16.96,2.01,-18.85,true,true,false,3.96,6.15,5.87,6.13,8.03,6.62,26,17.67,25.57,10.83,-6.02,-25.47,-1.54,2,true
122dcabe-b766-424c-a0d9-a1760f96862e,PENN,HANDLER DAVID A,0001218092,,Insider,2023-08-23,P,buy,19562,22.65,443079.3,0001140361-23-041150,2023-08-24,Consumer Cyclical,Insider (other),OPPORTUNISTIC,22.780000686645508,22.360000610351562,20.81999969482422,25.360000610351562,25.049999237060547,23.34000015258789,17.270000457763672,-1.84,-8.6,11.33,9.96,2.46,-24.19,false,true,false,-2.85,-5.09,2.31,6.7,9.12,12.13,1.01,-3.51,9.02,3.26,-6.66,-36.32,-5.84,21,true
b200a8c4-b91f-49ce-a6dc-35bbfcdb9537,PENN,Hendrix Felicia,0001843979,EVP and CFO,EVP and CFO,2023-09-06,P,buy,11162,22.41,250140.42,0001140361-23-043217,2023-09-07,Consumer Cyclical,CFO,OPPORTUNISTIC,22.260000228881836,21,23.260000228881836,23.90999984741211,24.530000686645508,21.329999923706055,18.040000915527344,-5.66,4.49,7.41,10.2,-4.18,-18.96,false,true,false,-3.74,-2.36,2.33,4.72,10.38,14.81,-1.92,6.85,5.08,5.48,-14.56,-33.77,-7.73,29,true
ac96ebea-37da-44cd-a203-b1d671a68043,PENN,Hendrix Felicia,0001843979,EVP and CFO,EVP and CFO,2024-05-06,P,buy,16157,15.473,249997.26,0001140361-24-024957,2024-05-08,Consumer Cyclical,CFO,OPPORTUNISTIC,15.40999984741211,16.350000381469727,19.6200008392334,16.969999313354492,18.239999771118164,18.420000076293945,19.059999465942383,6.1,27.32,10.12,18.36,19.53,23.69,true,true,true,3.5,7.37,0.16,6.87,9.92,10.31,2.6,19.95,9.96,11.49,9.61,13.38,-5.06,24,true
962641cd-e060-44cc-9a9c-2138d094e1fa,PENN,HANDLER DAVID A,0001218092,,Insider,2024-05-06,P,buy,20000,15.3693,307386,0001140361-24-024955,2024-05-08,Consumer Cyclical,Insider (other),OPPORTUNISTIC,15.40999984741211,16.350000381469727,19.6200008392334,16.969999313354492,18.239999771118164,18.420000076293945,19.059999465942383,6.1,27.32,10.12,18.36,19.53,23.69,true,true,true,3.5,7.37,0.16,6.87,9.92,10.31,2.6,19.95,9.96,11.49,9.61,13.38,-5.06,24,true
09f3ce1b-11fc-4eed-a649-4c37b3a3d360,PENN,HANDLER DAVID A,0001218092,,Insider,2024-05-07,P,buy,20000,15.8425,316850,0001140361-24-024955,2024-05-08,Consumer Cyclical,Insider (other),OPPORTUNISTIC,15.90999984741211,17.280000686645508,20.06999969482422,16.969999313354492,19.15999984741211,18.959999084472656,19.059999465942383,8.61,26.15,6.66,20.43,19.17,19.8,true,true,true,3.39,7.38,0.05,6.54,10.8,10.18,5.22,18.77,6.61,13.89,8.37,9.62,-8.05,23,true
f460ff80-480b-4863-920f-151c20f3fbd3,PENN,HANDLER DAVID A,0001218092,,Insider,2024-05-29,P,buy,40000,14.94,597600,0001140361-24-028355,2024-05-31,Consumer Cyclical,Insider (other),OPPORTUNISTIC,14.979999542236328,19.360000610351562,19.6200008392334,19.270000457763672,19.040000915527344,19.889999389648438,21.170000076293945,29.24,30.97,28.64,27.1,32.78,41.32,true,true,true,3.44,3.55,6.74,8.78,10.4,13.58,25.8,27.42,21.9,18.32,22.38,27.74,-2.34,1,true
3b467457-d159-4419-88d8-05cafc1286d9,PENN,Snowden Jay A,0001532579,President and CEO,President and CEO,2024-09-03,P,buy,54200,18.44,999448,0000950170-24-102992,2024-09-03,Consumer Cyclical,CEO,OPPORTUNISTIC,18.239999771118164,18.420000076293945,19.059999465942383,22.34000015258789,19.239999771118164,20.600000381469727,20.760000228881836,0.99,4.5,22.48,5.48,12.94,13.82,true,true,true,2.85,3.21,9.34,5.9,9.01,5.74,-1.86,1.29,13.14,-0.42,3.93,8.08,-4.5,7,true
c411c72e-922c-4e19-aa26-d65ddedb24e1,PENN,HANDLER DAVID A,0001218092,,Insider,2024-09-10,P,buy,10000,17.51,175100,0000950170-24-106003,2024-09-12,Consumer Cyclical,Insider (other),OPPORTUNISTIC,17.420000076293945,18.459999084472656,20.459999084472656,19.860000610351562,18.290000915527344,21.450000762939453,16.549999237060547,5.97,17.45,14.01,4.99,23.13,-4.99,true,true,false,4.98,9.11,10.18,7.42,9.47,2.15,0.99,8.34,3.83,-2.43,13.66,-7.14,0,0,true
2a57d1a9-3b1e-4840-a5bf-897fdc78d625,PENN,HANDLER DAVID A,0001218092,,Insider,2025-05-22,P,buy,10000,14.8264,148264,0000950170-25-076606,2025-05-22,Consumer Cyclical,Insider (other),OPPORTUNISTIC,14.65999984741211,17.110000610351562,18.329999923706055,18.670000076293945,19.09000015258789,17.020000457763672,13.760000228881836,16.71,25.03,27.35,30.22,16.1,-6.14,true,true,false,2.93,7.83,9.44,13.82,15.13,13.2,13.78,17.2,17.91,16.4,0.97,-19.34,0,0,true
103d7a6e-0886-4b62-81f5-9d5adda16f78,PENN,Snowden Jay A,0001532579,CEO and President,CEO and President,2025-05-22,P,buy,34000,14.699,499766,0000950170-25-076603,2025-05-22,Consumer Cyclical,CEO,OPPORTUNISTIC,14.65999984741211,17.110000610351562,18.329999923706055,18.670000076293945,19.09000015258789,17.020000457763672,13.760000228881836,16.71,25.03,27.35,30.22,16.1,-6.14,true,true,false,2.93,7.83,9.44,13.82,15.13,13.2,13.78,17.2,17.91,16.4,0.97,-19.34,0,0,true
346471a4-56d8-4c46-a2a7-5ed08450df63,PENN,HANDLER DAVID A,0001218092,,Insider,2025-08-08,P,buy,20000,16.965,339300,0000950170-25-107389,2025-08-12,Consumer Cyclical,Insider (other),OPPORTUNISTIC,16.959999084472656,20.09000015258789,17.93000030517578,14.649999618530273,13.770000457763672,15.140000343322754,13.039999961853027,18.46,5.72,-13.62,-18.81,-10.73,-23.11,true,false,false,1.83,5.01,5.2,7.29,7.93,7.69,16.63,0.71,-18.82,-26.1,-18.66,-30.8,-0.94,3,false
52fc821c-a0ab-42c7-9cfb-eb7705d41c17,PENN,Snowden Jay A,0001532579,CEO and President,CEO and President,2025-11-07,P,buy,34700,14.321,496938.7,0001193125-25-273430,2025-11-10,Consumer Cyclical,CEO,OPPORTUNISTIC,14.539999961853027,13.770000457763672,14.8100004196167,12.390000343322754,14.699999809265137,14.65999984741211,,-5.3,1.86,-14.79,1.1,0.83,,false,false,,1.89,3.11,0.99,1.09,-1.79,,-7.19,-1.25,-15.78,0.01,2.62,,-6.12,10,false
35282904-2d39-4bd8-8036-9549f688d4be,PENN,HANDLER DAVID A,0001218092,,Insider,2025-11-17,P,buy,20000,14.25,285000,0001193125-25-286317,2025-11-18,Consumer Cyclical,Insider (other),OPPORTUNISTIC,13.649999618530273,14.369999885559082,14.289999961853027,12.050000190734863,13.970000267028809,16.139999389648438,,5.27,4.69,-11.72,2.34,18.24,,true,false,,0.86,3.9,2.58,0.77,5.41,,4.41,0.79,-14.3,1.57,12.83,,0,0,false
b20c6c5c-3881-400b-9043-93ba5ff42a48,PENN,Hendrix Felicia,0001843979,EVP and CFO,EVP and CFO,2025-11-21,P,buy,7315,13.79,100873.85,0001193125-25-292269,2025-11-24,Consumer Cyclical,CFO,OPPORTUNISTIC,13.800000190734863,14.760000228881836,13.729999542236328,13.329999923706055,14.4399995803833,15.84000015258789,,6.96,-0.51,-3.41,4.64,14.78,,true,false,,3.91,2.81,3.86,-0.55,7.54,,3.05,-3.32,-7.27,5.19,7.24,,-0.94,18,false
c02666bd-eddd-4bf4-8691-d79c029b3f95,WDAY,Eschenbach Carl M.,0001409324,Co-CEO,Co-CEO,2023-08-29,P,buy,600,238.2767,142966.02,0001327811-23-000152,2023-08-31,Technology,CEO,OPPORTUNISTIC,241.6699981689453,211.22000122070312,207.1999969482422,235.8300018310547,273.70001220703125,288.6300048828125,307.2099914550781,-12.6,-14.26,-2.42,13.25,19.43,27.12,false,false,true,-4.6,-7.47,1.18,6.09,8.52,12.65,-8,-6.79,-3.6,7.16,10.91,14.47,-12.6,30,false
8dda7561-69d7-4181-a52d-548b5193c175,AVGO,You Harry L.,0001432602,,Director,2023-09-15,P,buy,1000,858.9582,858958.2,0001730168-23-000083,2023-09-19,Technology,Director,OPPORTUNISTIC,85.16799926757812,90.25700378417969,97.2959976196289,110.64900207519531,111.49600219726562,126.5,125.78700256347656,5.98,14.24,29.92,30.91,48.53,47.69,true,true,true,-1.65,1.21,6.46,7.12,12.99,16.37,7.63,13.03,23.46,23.79,35.54,31.32,-5.09,6,true
44e8345c-d343-43da-b8fe-9582332cd227,AVGO,You Harry L.,0001432602,,Director,2025-09-08,P,buy,2050,344.7794,706797.77,0001730168-25-000100,2025-09-10,Technology,Director,OPPORTUNISTIC,345.6499938964844,345.5,349.42999267578125,401.1000061035156,343.7699890136719,310.510009765625,345.75,-0.04,1.09,16.04,-0.54,-10.17,0.03,false,true,true,3.74,3.41,5.36,6.62,4.44,4.54,-3.78,-2.32,10.68,-7.16,-14.61,-4.51,-5.14,21,true
606a4958-0e82-4401-a0bc-9c4a4e90f129,AVGO,You Harry L.,0001432602,,Director,2025-09-09,P,buy,1000,339.385,339385,0001730168-25-000100,2025-09-10,Technology,Director,OPPORTUNISTIC,336.6700134277344,345.0199890136719,358.3900146484375,401.1000061035156,343.5,332.9200134277344,345.75,2.48,6.45,19.14,2.03,-1.11,2.7,true,true,true,3.2,4.78,5.12,6.04,6.2,4.3,-0.72,1.67,14.02,-4.01,-7.31,-1.6,-2.6,20,true
40bc5565-eb59-4a7c-85c0-08996e869afd,AVGO,You Harry L.,0001432602,,Director,2025-09-10,P,buy,500,363.375,181687.5,0001730168-25-000100,2025-09-10,Technology,Director,OPPORTUNISTIC,369.57000732421875,324.6300048828125,358.3900146484375,406.2900085449219,332.4800109863281,343.94000244140625,345.75,-12.16,-3.03,9.94,-10.04,-6.94,-6.45,false,true,false,0.12,4.48,4.73,5.72,6.4,4,-12.28,-7.51,5.21,-15.76,-13.34,-10.45,-12.16,30,true
16909b3f-a154-4778-9b44-a439ca5632b4,AVGO,You Harry L.,0001432602,,Director,2025-12-18,P,buy,1000,325.129,325129,0001432602-25-000006,2025-12-22,Technology,Director,OPPORTUNISTIC,329.8800048828125,332.6000061035156,332.5400085449219,315.92999267578125,406.5400085449219,,,0.82,0.81,-4.23,23.24,,,true,false,,0.16,0.94,-2.22,4.98,,,0.66,-0.13,-2.01,18.26,,,0,0,false
331f1216-172d-4b60-a4b7-fef6266bd924,DG,Wenkoff Carman R,0001710325,EVP & Chief Information Ofc,EVP & Chief Information Ofc,2023-09-29,P,buy,2000,106.25,212500,0001062993-23-018677,2023-10-02,Consumer Defensive,Other/EVP,OPPORTUNISTIC,105.80000305175781,119.93000030517578,127.5,135.5500030517578,133.69000244140625,138.7899932861328,154.2100067138672,13.36,20.51,28.12,26.36,31.18,45.76,true,true,true,-2.78,6.42,11.51,14.92,18.37,22.38,16.14,14.09,16.61,11.44,12.81,23.38,-3.75,13,true
998e1c97-a6f9-4155-b889-7dc67522feb0,NKE,SWAN ROBERT HOLMES,0001218363,,Director,2023-10-02,P,buy,13072,96.13,1256611.36,0001127602-23-025361,2023-10-03,Consumer Cyclical,Director,OPPORTUNISTIC,94.55999755859375,100.87999725341797,113.4800033569336,106.55000305175781,104.18000030517578,103.93000030517578,92.55999755859375,6.68,20.01,12.68,10.17,9.91,-2.12,true,true,false,-1.09,7.44,10.61,14.88,18.9,22.2,7.77,12.57,2.07,-4.71,-8.99,-24.32,0,0,true
78844d8f-d9b3-49f8-95fe-8c222725b7d5,NKE,SWAN ROBERT HOLMES,0001218363,,Director,2024-06-28,P,buy,2941,77.02,226515.82,0001127602-24-019550,2024-07-01,Consumer Cyclical,Director,OPPORTUNISTIC,75.37000274658203,73.55000305175781,85.29000091552734,89.38999938964844,78.91000366210938,79.26000213623047,76.94000244140625,-2.41,13.16,18.6,4.7,5.16,2.08,false,true,true,0.1,3.19,5.16,6.73,9.8,10.5,-2.51,9.97,13.44,-2.03,-4.64,-8.42,-5.68,26,true
67b315b5-d8b6-4a74-b698-e38eb92ce22a,NKE,SWAN ROBERT HOLMES,0001218363,,Director,2025-04-04,P,buy,8600,58.46,502756,0001127602-25-011755,2025-04-07,Consumer Cyclical,Director,OPPORTUNISTIC,57.25,57.349998474121094,62.369998931884766,76.38999938964844,74.81999969482422,74.29000091552734,74.19999694824219,0.17,8.94,33.43,30.69,29.76,29.61,true,true,true,11.52,17.97,23.76,24.91,26.72,32.29,-11.35,-9.03,9.67,5.78,3.04,-2.68,-6.95,4,true
09efd3f3-0ac9-4a1a-98d8-20a2fe0e17d4,NKE,SWAN ROBERT HOLMES,0001218363,,Director,2025-12-22,P,buy,8691,57.54,500080.14,0000320187-25-000142,2025-12-23,Consumer Cyclical,Director,OPPORTUNISTIC,57.220001220703125,65.41000366210938,65.4000015258789,52.709999084472656,46.38999938964844,,,14.31,14.3,-7.88,-18.93,,,true,false,,0.08,0.67,-4.3,2.81,,,14.23,13.63,-3.58,-21.74,,,0,0,false
8830bd32-e41c-474a-9cad-2d9aa5644fd8,NTRS,Levy Susan Cohen,0001607570,EVP and General Counsel,EVP and General Counsel,2023-10-24,P,buy,5000,64.41,322050,0000073124-23-000191,2023-10-25,Financial Services,Other/EVP,OPPORTUNISTIC,63.54999923706055,76.36000061035156,84.25,81.41000366210938,79.88999938964844,85.54000091552734,83.54000091552734,20.16,32.57,28.1,25.71,34.6,31.46,true,true,true,7.48,12.28,14.12,17.37,23.03,17.96,12.68,20.29,13.98,8.34,11.57,13.5,-0.77,1,true
0d26f725-c85c-42f6-ab58-46ce0de4871c,EXR,Margolis Joseph D,0001330121,Chief Executive Officer,Chief Executive Officer,2023-11-13,P,buy,4200,118.21,496482,0001628280-23-038658,2023-11-13,Real Estate,CEO,OPPORTUNISTIC,117.58000183105469,146,152.32000732421875,142.02000427246094,150.60000610351562,143.1999969482422,147.88999938964844,24.17,29.55,20.79,28.08,21.79,25.78,true,true,true,6.89,8.29,13.81,17.4,17.68,18.34,17.28,21.26,6.98,10.68,4.11,7.44,0,0,true
526d2cf3-a1e4-4e30-bb13-6c69506adab2,TKO,SHAPIRO MARK S,0001345978,See Remarks,See Remarks,2023-11-14,P,buy,12531,79.8,999973.8,0000950170-23-063915,2023-11-14,Communication Services,Other/EVP,OPPORTUNISTIC,79.9000015258789,75.12999725341797,76.93000030517578,87.08000183105469,80.7699966430664,98,99.38999938964844,-5.97,-3.72,8.99,1.09,22.65,24.39,false,true,true,5.19,5.84,11.64,14.98,13.84,16.09,-11.16,-9.56,-2.65,-13.89,8.81,8.3,-8.89,23,true
a4fb1875-ec5b-431b-a410-45d7808c1427,TKO,Emanuel Ariel,0001320234,Chief Executive Officer,Chief Executive Officer,2023-11-14,P,buy,12531,79.8,999973.8,0000950170-23-063920,2023-11-14,Communication Services,CEO,OPPORTUNISTIC,79.9000015258789,75.12999725341797,76.93000030517578,87.08000183105469,80.7699966430664,98,99.38999938964844,-5.97,-3.72,8.99,1.09,22.65,24.39,false,true,true,5.19,5.84,11.64,14.98,13.84,16.09,-11.16,-9.56,-2.65,-13.89,8.81,8.3,-8.89,23,true
d934def7-592a-49be-81a6-2090144c1af1,TKO,Emanuel Ariel,0001320234,Chief Executive Officer,Chief Executive Officer,2024-04-09,P,buy,1642970,89.01,146240759.7,0000950170-24-043817,2024-04-11,Communication Services,CEO,OPPORTUNISTIC,97.5,98.19999694824219,107.91999816894531,112.18000030517578,109.5,115.44000244140625,126.12999725341797,0.72,10.69,15.06,12.31,18.4,29.36,true,true,true,0.16,3.15,6.92,-0.13,4.05,9.34,0.56,7.54,8.14,12.44,14.35,20.02,-2.9,21,true
17ee6d00-176e-4803-9bc5-b990e2a09ca1,TKO,Emanuel Ariel,0001320234,Chief Executive Officer,Chief Executive Officer,2024-12-11,P,buy,30152,142,4281584,0000950170-24-136345,2024-12-13,Communication Services,CEO,OPPORTUNISTIC,141.3300018310547,140.17999267578125,173.11000061035156,145.14999389648438,145.08999633789062,160.60000610351562,163.3300018310547,-0.81,22.49,2.7,2.66,13.63,15.57,false,true,true,-4.44,-0.43,-8.48,-13.64,-4.03,-1.28,3.63,22.92,11.18,16.3,17.66,16.85,-0.81,30,true
59da19c4-954d-4bb7-8128-551d0cbe1800,TKO,Emanuel Ariel,0001320234,Chief Executive Officer,Chief Executive Officer,2024-12-12,P,buy,24550,143.4,3520470,0000950170-24-136345,2024-12-13,Communication Services,CEO,OPPORTUNISTIC,143.42999267578125,142.3800048828125,173.11000061035156,147.27000427246094,144.35000610351562,160.60000610351562,164.60000610351562,-0.73,20.69,2.68,0.64,11.97,14.76,false,true,true,-3.8,0.09,-7.52,-11.65,-3.53,-0.21,3.07,20.6,10.2,12.29,15.5,14.97,-2.27,29,true
bd27df43-e75d-48cd-afe4-bb1dda52c624,TKO,Emanuel Ariel,0001320234,Chief Executive Officer,Chief Executive Officer,2024-12-13,P,buy,20303,141.98,2882619.94,0000950170-24-136345,2024-12-13,Communication Services,CEO,OPPORTUNISTIC,141.9199981689453,142.3800048828125,176.52999877929688,140.85000610351562,148.1300048828125,160.60000610351562,164.9199981689453,0.32,24.39,-0.75,4.38,13.16,16.21,true,false,true,-3.78,0.18,-8.74,-10.77,-3.51,-0.47,4.1,24.21,7.99,15.15,16.67,16.68,-1.23,28,false
503f27de-16ae-4729-8a30-8c581a257d8a,TKO,Emanuel Ariel,0001320234,Chief Executive Officer,Chief Executive Officer,2024-12-16,P,buy,9609,143.35,1377450.15,0000950170-24-138110,2024-12-18,Communication Services,CEO,OPPORTUNISTIC,147.0500030517578,143.91000366210938,175.5,145.6300048828125,149.64999389648438,161.4600067138672,168.41000366210938,-2.14,19.35,-0.97,1.77,9.8,14.53,false,false,true,-2.31,0.48,-6.53,-11.4,-2.69,-0.68,0.17,18.87,5.56,13.17,12.49,15.21,-4.67,25,false
07120fc3-49d2-4969-b6ce-da74e558000f,TKO,Emanuel Ariel,0001320234,Chief Executive Officer,Chief Executive Officer,2024-12-17,P,buy,24877,146.16,3636022.32,0000950170-24-138110,2024-12-18,Communication Services,CEO,OPPORTUNISTIC,147.25,141.8000030517578,172.07000732421875,145.6300048828125,147.9600067138672,163.47999572753906,168.41000366210938,-3.7,16.86,-1.1,0.48,11.02,14.37,false,false,true,-2.09,1.19,-6.15,-13.01,-1.67,-0.27,-1.61,15.67,5.05,13.49,12.69,14.64,-4.8,24,false
ec6863d7-7ebf-4966-91f7-83f2e3240273,TKO,Emanuel Ariel,0001320234,Chief Executive Officer,Chief Executive Officer,2025-01-17,P,buy,61296,142.57,8738970.72,0000950170-25-008026,2025-01-22,Communication Services,CEO,OPPORTUNISTIC,142.1999969482422,172.07000732421875,145.47000122070312,149.22000122070312,163.99000549316406,168.41000366210938,169.1300048828125,21.01,2.3,4.94,15.32,18.43,18.94,true,true,true,2.33,-6.12,-11.91,-0.46,0.85,4.46,18.68,8.42,16.85,15.78,17.58,14.48,0,0,true
c44afe48-59b2-47a8-87e8-99391b9e7e5a,TKO,Emanuel Ariel,0001320234,Chief Executive Officer,Chief Executive Officer,2025-01-21,P,buy,2931,142.86,418722.66,0000950170-25-008026,2025-01-22,Communication Services,CEO,OPPORTUNISTIC,144.52999877929688,163.80999755859375,152.91000366210938,143.08999633789062,159.83999633789062,174.9600067138672,168.6999969482422,13.34,5.8,-1,10.59,21.05,16.72,true,false,true,1.22,-4.8,-14.79,-3.35,-1.45,4.26,12.12,10.6,13.79,13.94,22.5,12.46,-1.11,1,false
b09e5656-0fbb-4f4f-a318-ffc1d46ab185,TKO,Emanuel Ariel,0001320234,Chief Executive Officer,Chief Executive Officer,2025-01-22,P,buy,44893,143.39,6437207.27,0000950170-25-008026,2025-01-22,Communication Services,CEO,OPPORTUNISTIC,142.92999267578125,158.82000732421875,152.91000366210938,148.1300048828125,156.22999572753906,175.52999877929688,168.6999969482422,11.12,6.98,3.64,9.31,22.81,18.03,true,true,true,-1.07,-5.34,-13.06,-3.85,-1.04,3.68,12.19,12.32,16.7,13.16,23.85,14.35,0,0,true
8317217e-9690-4139-ad51-c3d56df70a7c,TKO,Emanuel Ariel,0001320234,Chief Executive Officer,Chief Executive Officer,2025-01-23,P,buy,12375,147.87,1829891.25,0000950170-25-009393,2025-01-27,Communication Services,CEO,OPPORTUNISTIC,151.97000122070312,160.75999450683594,152.91000366210938,150.99000549316406,157.72000122070312,175.52999877929688,166.49000549316406,5.78,0.62,-0.64,3.78,15.5,9.55,true,false,true,-2.06,-5.85,-12.19,-5.03,-1.57,3.13,7.84,6.47,11.55,8.81,17.07,6.42,0,0,false
5e4fa3cc-4a9d-4155-8e8a-8238d5d8ff68,TKO,Emanuel Ariel,0001320234,Chief Executive Officer,Chief Executive Officer,2025-01-24,P,buy,49027,152.57,7480049.39,0000950170-25-009393,2025-01-27,Communication Services,CEO,OPPORTUNISTIC,153.0800018310547,160.75999450683594,154.60000610351562,155.27999877929688,158.9499969482422,175.52999877929688,167.7100067138672,5.02,0.99,1.44,3.83,14.67,9.56,true,true,true,-1.77,-5.35,-10.08,-2.77,-1.29,4.32,6.79,6.34,11.52,6.6,15.96,5.24,0,0,true
d702b748-42ee-43c5-b3bc-a693896bbf4c,TKO,Emanuel Ariel,0001320234,Chief Executive Officer,Chief Executive Officer,2025-01-27,P,buy,1822,151.5,276033,0000950170-25-009393,2025-01-27,Communication Services,CEO,OPPORTUNISTIC,153.4499969482422,159.5500030517578,149.6999969482422,160.42999267578125,158.9499969482422,176.16000366210938,170.74000549316406,3.98,-2.44,4.55,3.58,14.8,11.27,true,true,true,-0.81,-7.29,-8.1,-1.37,2.09,6.27,4.79,4.85,12.65,4.95,12.71,5,0,0,true
a9defc87-7087-4fc3-9ffe-dbe4a3f1aefd,TKO,Emanuel Ariel,0001320234,Chief Executive Officer,Chief Executive Officer,2025-01-28,P,buy,6295,154.98,975599.1,0000950170-25-011298,2025-01-30,Communication Services,CEO,OPPORTUNISTIC,158.44000244140625,150.22999572753906,152.80999755859375,160.42999267578125,158.80999755859375,179.35000610351562,170.74000549316406,-5.18,-3.55,1.26,0.23,13.2,7.76,false,true,true,-3.22,-7.47,-8.88,-2.78,1.72,5.36,-1.96,3.92,10.14,3.01,11.48,2.4,-5.18,30,true
68695261-1ffe-4289-a92f-64a83f6353eb,TKO,Emanuel Ariel,0001320234,Chief Executive Officer,Chief Executive Officer,2025-01-29,P,buy,14416,155.61,2243273.76,0000950170-25-011298,2025-01-30,Communication Services,CEO,OPPORTUNISTIC,156.9199981689453,150.63999938964844,152.80999755859375,162.9600067138672,156.74000549316406,181.9499969482422,170.74000549316406,-4,-2.62,3.85,-0.11,15.95,8.81,false,true,true,-1.27,-7.05,-7.89,-1.95,2.67,5.84,-2.73,4.43,11.74,1.84,13.28,2.97,-4.26,29,true
cb3cdc96-e97b-4e80-9246-3d39c58237e9,TKO,Emanuel Ariel,0001320234,Chief Executive Officer,Chief Executive Officer,2025-01-30,P,buy,13737,157.68,2166050.16,0000950170-25-011298,2025-01-30,Communication Services,CEO,OPPORTUNISTIC,157.47000122070312,147.7899932861328,152.80999755859375,162.91000366210938,157.80999755859375,181.9499969482422,168.14999389648438,-6.15,-2.96,3.45,0.22,15.55,6.78,false,true,true,-3.52,-7.54,-8.35,-2.59,2.12,4.99,-2.63,4.58,11.8,2.81,13.43,1.79,-4.6,28,true
af42d348-57d4-47f9-b238-45cf09bcdc27,TKO,Emanuel Ariel,0001320234,Chief Executive Officer,Chief Executive Officer,2025-01-31,P,buy,23470,155.71,3654513.7,0000950170-25-014102,2025-02-04,Communication Services,CEO,OPPORTUNISTIC,155.2100067138672,147.7899932861328,152.99000549316406,163.16000366210938,159.5500030517578,181.9499969482422,167.80999755859375,-4.78,-1.43,5.12,2.8,17.23,8.12,false,true,true,-3,-6.79,-7.2,-1.51,2.66,5.42,-1.78,5.36,12.32,4.31,14.57,2.7,-3.21,27,true
d6f4cea9-7414-4ed9-82da-d16683a86e1c,TKO,Emanuel Ariel,0001320234,Chief Executive Officer,Chief Executive Officer,2025-02-03,P,buy,1202,155.42,186814.84,0000950170-25-014102,2025-02-04,Communication Services,CEO,OPPORTUNISTIC,157.0500030517578,152.3000030517578,139.5800018310547,166.8300018310547,163.11000061035156,177.13999938964844,165.75999450683594,-3.02,-11.12,6.23,3.86,12.79,5.55,false,true,true,-2.46,-15.47,-5.73,-0.28,4.61,5.59,-0.56,4.35,11.96,4.14,8.18,-0.04,-6.59,29,true
7dcff098-8ca3-4c82-8447-eab2832ec27a,TKO,Emanuel Ariel,0001320234,Chief Executive Officer,Chief Executive Officer,2025-02-04,P,buy,59784,156.84,9376522.56,0000950170-25-014102,2025-02-04,Communication Services,CEO,OPPORTUNISTIC,157.74000549316406,146.99000549316406,141.17999267578125,166.8300018310547,165.89999389648438,176.33999633789062,165.75999450683594,-6.82,-10.5,5.76,5.17,11.79,5.08,false,true,true,-4.83,-16.19,-6.36,-0.97,3.14,4.88,-1.99,5.69,12.12,6.14,8.65,0.2,-7,28,true
55edbe76-ef21-4b11-a91f-f3c48ed1fb52,TKO,Emanuel Ariel,0001320234,Chief Executive Officer,Chief Executive Officer,2025-02-05,P,buy,4600,158.14,727444,0000950170-25-016583,2025-02-07,Communication Services,CEO,OPPORTUNISTIC,161.02000427246094,143.72999572753906,141.17999267578125,167.94000244140625,168.9199981689453,176.33999633789062,165.75999450683594,-10.74,-12.32,4.3,4.91,9.51,2.94,false,true,true,-4.68,-16.52,-7.52,-1.85,2.72,4.46,-6.06,4.2,11.82,6.76,6.79,-1.52,-10.74,30,true
591aa446-cb07-4e03-bd9e-b72038330ab1,TKO,Emanuel Ariel,0001320234,Chief Executive Officer,Chief Executive Officer,2025-02-06,P,buy,45657,160.34,7320643.38,0000950170-25-016583,2025-02-07,Communication Services,CEO,OPPORTUNISTIC,161.2100067138672,142.1199951171875,141.17999267578125,169.67999267578125,165.94000244140625,176.33999633789062,163.4499969482422,-11.84,-12.42,5.25,2.93,9.39,1.39,false,true,true,-7.54,-16.81,-7.45,-1.18,2.37,3.57,-4.3,4.39,12.7,4.11,7.02,-2.18,-10.84,29,true
f00f863f-0618-45f1-b6c4-825073550e85,TKO,Emanuel Ariel,0001320234,Chief Executive Officer,Chief Executive Officer,2025-02-07,P,buy,17150,164.12,2814658,0000950170-25-016583,2025-02-07,Communication Services,CEO,OPPORTUNISTIC,166.3699951171875,142.1199951171875,138.9600067138672,168.9600067138672,163.3300018310547,176.33999633789062,155.61000061035156,-14.58,-16.48,1.56,-1.83,5.99,-6.47,false,true,false,-6.69,-17.36,-5.94,-0.18,3.31,5.33,-7.89,0.88,7.5,-1.65,2.68,-11.8,-13.61,28,true
cf46c655-a035-451b-9e62-0bec6139176d,TKO,Emanuel Ariel,0001320234,Chief Executive Officer,Chief Executive Officer,2025-02-10,P,buy,3851,167.14,643656.14,0000950170-25-019268,2025-02-12,Communication Services,CEO,OPPORTUNISTIC,173.11000061035156,147.27000427246094,144.35000610351562,160.60000610351562,164.60000610351562,172.88999938964844,180,-14.93,-16.61,-7.23,-4.92,-0.13,3.98,false,false,true,-7.6,-11.72,-3.61,-0.29,3.47,5.14,-7.33,-4.89,-3.62,-4.63,-3.6,-1.16,-17.9,28,false
25ac948f-3532-4083-b2ef-8b850b5eb6cd,TKO,Emanuel Ariel,0001320234,Chief Executive Officer,Chief Executive Officer,2025-02-11,P,buy,2150,171.9,369585,0000950170-25-019268,2025-02-12,Communication Services,CEO,OPPORTUNISTIC,176.52999877929688,140.85000610351562,148.1300048828125,160.60000610351562,164.9199981689453,172,180,-20.21,-16.09,-9.02,-6.58,-2.57,1.97,false,false,true,-8.9,-10.93,-3.69,-0.65,3.02,5.06,-11.31,-5.16,-5.33,-5.93,-5.59,-3.09,-20.21,30,false
e2d837f8-3775-4eec-8e32-efa6976ef0b2,TKO,Emanuel Ariel,0001320234,Chief Executive Officer,Chief Executive Officer,2025-02-12,P,buy,37107,174.77,6485190.39,0000950170-25-019268,2025-02-12,Communication Services,CEO,OPPORTUNISTIC,176.63999938964844,139.6199951171875,148.1300048828125,164.47999572753906,163.92999267578125,174.47999572753906,180,-20.96,-16.14,-6.88,-7.2,-1.22,1.9,false,false,true,-6.72,-10.65,-2.74,0.06,3.56,5.4,-14.24,-5.49,-4.14,-7.26,-4.78,-3.5,-20.96,30,false
ebed0306-5df4-4954-87fe-51ee8713ed49,SJM,AMIN TARANG,0001513988,,Director,2023-12-13,P,buy,1000,125.05,125050,0000091419-23-000145,2023-12-13,Consumer Defensive,Director,OPPORTUNISTIC,126.73999786376953,129.5,129.74000549316406,122.72000122070312,112.04000091552734,116.08999633789062,113.5999984741211,2.18,2.37,-3.17,-11.6,-8.4,-10.37,true,false,false,1.31,6.48,9.84,10.1,10.71,13.85,0.87,-4.11,-13.01,-21.7,-19.11,-24.22,-3.48,7,false
7972bf41-7e4d-4f3b-8a96-c2cc6cebc70b,SJM,AMIN TARANG,0001513988,,Director,2024-02-29,P,buy,900,122.22,109998,0000091419-24-000013,2024-02-29,Consumer Defensive,Director,OPPORTUNISTIC,120.16999816894531,124.7300033569336,114.6500015258789,107.47000122070312,109.04000091552734,118.04000091552734,120.69999694824219,3.79,-4.59,-10.57,-9.26,-1.77,0.44,true,false,true,2.77,0.39,3.55,7.11,7.22,10.53,1.02,-4.98,-14.12,-16.37,-8.99,-10.09,-2.19,7,false
1bc5cd6a-7c77-4837-9e46-c291ed79bdee,SJM,AMIN TARANG,0001513988,,Director,2025-03-11,P,buy,875,114.87,100511.25,0000091419-25-000015,2025-03-12,Consumer Defensive,Director,OPPORTUNISTIC,114.26000213623047,114.37000274658203,112.5,111.8499984741211,104.16999816894531,110.72000122070312,111.58999633789062,0.1,-1.54,-2.11,-8.83,-3.1,-2.34,true,false,false,-5.64,4.87,7.87,12.26,14.62,16.71,5.74,-6.41,-9.98,-21.09,-17.72,-19.05,-4.3,9,false
5f453822-bdcb-47fa-aa52-b99b9d28281d,SJM,AMIN TARANG,0001513988,,Director,2025-06-12,P,buy,1050,96.09,100894.5,0000091419-25-000041,2025-06-12,Consumer Defensive,Director,OPPORTUNISTIC,97.37000274658203,104.70999908447266,110.93000030517578,110.02999877929688,104.75,107.20999908447266,99.4000015258789,7.54,13.93,13,7.58,10.11,2.08,true,true,true,3.49,5.33,8.03,8.16,12.87,13.13,4.05,8.6,4.97,-0.58,-2.76,-11.05,-2.95,5,true
b376f24c-90e8-4ecc-9f89-cfd8e6e122fe,DOC,Lewis Sara Grootwassink,0001165970,,Director,2024-03-04,P,buy,18000,16.71,300780,0001628280-24-008624,2024-03-04,Real Estate,Director,OPPORTUNISTIC,16.850000381469727,18.3799991607666,18.969999313354492,19.770000457763672,19.530000686645508,21.729999542236328,22.200000762939453,9.08,12.58,17.33,15.91,28.96,31.75,true,true,true,1.39,-0.2,3.03,7.17,5.99,7.76,7.69,12.78,14.3,8.74,22.97,23.99,0,0,true
9b0dd368-2f7f-4e95-a810-a46fe8cd5458,DOC,Lewis Sara Grootwassink,0001165970,,Director,2025-04-28,P,buy,6000,17.6564,105938.4,0001628280-25-020387,2025-04-28,Real Estate,Director,OPPORTUNISTIC,17.75,17.40999984741211,17.360000610351562,17.260000228881836,17.530000686645508,18.540000915527344,19.059999465942383,-1.92,-2.2,-2.76,-1.24,4.45,7.38,false,false,true,6.7,11.63,15.63,17.12,19.46,24.4,-8.62,-13.83,-18.39,-18.36,-15.01,-17.02,-5.24,24,false
b511da95-4c7a-4577-b153-f706281bfe08,KDP,Gamgort Robert James,0001570836,CEO & Executive Chairman,CEO & Executive Chairman,2024-03-05,P,buy,171821,29.1,4999991.1,0001418135-24-000008,2024-03-05,Consumer Defensive,CEO,OPPORTUNISTIC,29.09000015258789,30.68000030517578,33.560001373291016,34.369998931884766,32.720001220703125,35.06999969482422,37.150001525878906,5.47,15.37,18.15,12.48,20.56,27.71,true,true,true,1.16,1.85,4.07,8.73,5.07,8.85,4.31,13.52,14.08,3.75,15.49,18.86,-0.72,10,true
ff3efbfa-2444-437f-a899-3d4de9cfb98a,IONQ,You Harry L.,0001432602,,Insider,2024-03-05,P,buy,115000,9.28,1067200,0001415889-24-007035,2024-03-06,Technology,Insider (other),OPPORTUNISTIC,9.369999885559082,9.119999885559082,9.279999732971191,7.78000020980835,7.170000076293945,7.079999923706055,6.960000038146973,-2.67,-0.96,-16.97,-23.48,-24.44,-25.72,false,false,false,1.16,1.85,4.07,8.73,5.07,8.85,-3.83,-2.81,-21.04,-32.21,-29.51,-34.57,-2.77,21,false
d95461d0-a96f-47cc-9c08-9cbbfd2fa245,GL,SVOBODA FRANK M,0001270842,Co-Chairman & CEO,Co-Chairman & CEO,2024-05-20,P,buy,2500,86.3056,215764,0001062993-24-010839,2024-05-21,Financial Services,CEO,OPPORTUNISTIC,86.01000213623047,82.56999969482422,88.26000213623047,98.13999938964844,106.18000030517578,109.05000305175781,109.75,-4,2.62,14.1,23.45,26.79,27.6,false,true,true,3.2,3.57,5.57,6.23,9.86,10.96,-7.2,-0.95,8.53,17.22,16.93,16.64,-9.44,25,true
6bf1cb0c-e242-49eb-a371-dfdae21616d5,GL,SVOBODA FRANK M,0001270842,Co-Chairman & CEO,Co-Chairman & CEO,2024-05-21,P,buy,2500,82.2736,205684,0001062993-24-010930,2024-05-22,Financial Services,CEO,OPPORTUNISTIC,83.33000183105469,82.56999969482422,88.9800033569336,98.13999938964844,106.6500015258789,109.72000122070312,109.75,-0.91,6.78,17.77,27.99,31.67,31.71,false,true,true,2.94,4.38,5.32,5.65,10.02,10.69,-3.85,2.4,12.45,22.34,21.65,21.02,-6.53,24,true
80ee2fd4-110e-47d0-b133-8a45baa561ee,RSG,Weymouth Katharine,0001501808,,Director,2024-06-04,P,buy,540,185.26,100040.4,0001060391-24-000224,2024-06-06,Industrials,Director,OPPORTUNISTIC,187.36000061035156,194.88999938964844,195.14999389648438,205.8300018310547,200.08999633789062,198.5800018310547,214.9600067138672,4.02,4.16,9.86,6.79,5.99,14.73,true,true,true,4.97,-2.08,4.48,7.66,8.07,14.24,-0.95,6.24,5.38,-0.87,-2.08,0.49,-0.38,7,true
98c6c3cc-5462-4347-a86b-22b5f66d6856,RSG,Weymouth Katharine,0001501808,,Director,2025-12-09,P,buy,478,209.46,100121.88,0001060391-25-000268,2025-12-11,Industrials,Director,OPPORTUNISTIC,209.32000732421875,211.86000061035156,224.0800018310547,230.13999938964844,216.50999450683594,,,1.21,7.05,9.95,3.43,,,true,true,,0.95,1.6,-0.7,-1.03,,,0.26,5.45,10.65,4.46,,,-0.84,1,true
7147c260-dc66-41a6-b7cb-638db17cee98,LULU,MCDONALD CALVIN,0001749971,Chief Executive Officer,Chief Executive Officer,2024-09-03,P,buy,4000,260,1040000,0001062993-24-016224,2024-09-05,Consumer Cyclical,CEO,OPPORTUNISTIC,258.0799865722656,262.55999755859375,318.1300048828125,334.3999938964844,372.30999755859375,414.20001220703125,347.80999755859375,1.74,23.27,29.57,44.26,60.49,34.77,true,true,true,2.85,3.21,9.34,5.9,9.01,5.74,-1.11,20.06,20.23,38.36,51.48,29.03,-4.22,7,true
2ebe7215-aede-4ea9-ab25-2618a12bb00c,MRNA,Bancel Stephane,0001443340,Chief Executive Officer,Chief Executive Officer,2025-03-03,P,buy,102821,31.04,3191563.84,0001127602-25-007916,2025-03-04,Healthcare,CEO,OPPORTUNISTIC,30.270000457763672,27.719999313354492,27.610000610351562,27.049999237060547,28.690000534057617,29.559999465942383,24.190000534057617,-8.42,-8.79,-10.64,-5.22,-2.35,-20.09,false,false,false,-3.3,-2.91,1.53,5.8,8.28,9.68,-5.12,-5.88,-12.17,-11.02,-10.63,-29.77,-10.27,29,false
e000a301-e961-49e2-af44-49ac1bb2b355,CHD,Read Michael,0001885901,"EVP, International","EVP, International",2025-05-09,P,buy,3000,92.0737,276221.1,0001127602-25-013795,2025-05-09,Consumer Defensive,Other/EVP,OPPORTUNISTIC,91.56999969482422,98.70999908447266,98.04000091552734,92.62999725341797,94.58000183105469,88.88999938964844,86.66999816894531,7.8,7.07,1.16,3.29,-2.93,-5.35,true,true,false,6.26,9.92,12.03,14.97,19.01,20.07,1.54,-2.85,-10.87,-11.68,-21.94,-25.42,0,0,true
e94aa437-e27b-4bc0-9bff-45cd0c5c1d9c,CHD,Read Michael,0001885901,"EVP, International","EVP, International",2025-08-05,P,buy,2000,91.2699,182539.8,0001127602-25-020152,2025-08-06,Consumer Defensive,Other/EVP,OPPORTUNISTIC,91.13999938964844,95.2300033569336,88.88999938964844,86.27999877929688,83.91000366210938,82.63999938964844,97.33999633789062,4.49,-2.47,-5.33,-7.93,-9.33,6.8,true,false,true,3.37,6.95,8.82,8.9,8.79,10.74,1.12,-9.42,-14.15,-16.83,-18.12,-3.94,-0.24,3,false
7b188c3c-336f-45eb-a993-634f33d1313d,CMI,Stone John H,0001817149,,Director,2025-05-16,P,buy,1000,332.0799,332079.9,0001225208-25-005222,2025-05-16,Industrials,Director,OPPORTUNISTIC,334.4800109863281,322.30999755859375,341.94000244140625,404.79998779296875,414.20001220703125,409,479.489990234375,-3.64,2.23,21.02,23.83,22.28,43.35,false,true,true,1.43,4.7,8.54,11.23,11.59,15.01,-5.07,-2.47,12.48,12.6,10.69,28.34,-5.16,7,true
697ff6dd-7a04-4ece-9d70-6dcd6cd9de2b,WY,Lewis Sara Grootwassink,0001165970,,Insider,2025-08-11,P,buy,4000,25.285,101140,0000950170-25-108170,2025-08-13,Real Estate,Insider (other),OPPORTUNISTIC,25.280000686645508,25.100000381469727,23.93000030517578,22.68000030517578,22.1200008392334,23.989999771118164,26.65999984741211,-0.71,-5.34,-10.28,-12.5,-5.1,5.46,false,false,true,2.56,2.69,7.16,7.41,8.43,9.13,-3.27,-8.03,-17.44,-19.91,-13.53,-3.67,-1.82,23,false
90735803-7e74-4d62-81f8-004e3f8cb540,WY,Lewis Sara Grootwassink,0001165970,,Insider,2025-12-17,P,buy,4500,23.6058,106226.1,0001193125-25-325117,2025-12-18,Real Estate,Insider (other),OPPORTUNISTIC,23.729999542236328,27.059999465942383,26.8799991607666,24.09000015258789,24.360000610351562,,,14.03,13.27,1.52,2.65,,,true,true,,3.02,1.71,-0.09,4.51,,,11.01,11.56,1.61,-1.86,,,-2.32,21,true
325f5ce4-321b-4279-bc02-e56fd9500b1e,COO,Kurzius Lawrence Erik,0001352090,,Insider,2025-09-29,P,buy,2000,68.39,136780,0001352090-25-000005,2025-09-29,Healthcare,Insider (other),OPPORTUNISTIC,67.66999816894531,69.58000183105469,77.93000030517578,82.19999694824219,80.69999694824219,84.01000213623047,69.30999755859375,2.82,15.16,21.47,19.26,24.15,2.42,true,true,true,3.57,2.97,3.64,4.79,3.86,-4.78,-0.75,12.19,17.83,14.47,20.29,7.2,0,0,true
fba08c39-4593-4cce-a273-15d1991d997b,COO,Kurzius Lawrence Erik,0001352090,,Insider,2025-12-17,P,buy,2000,82.5,165000,0001352090-25-000012,2025-12-17,Healthcare,Insider (other),OPPORTUNISTIC,82.4800033569336,82.37000274658203,81.94000244140625,72.05000305175781,69.37999725341797,,,-0.13,-0.65,-12.65,-15.88,,,false,false,,3.02,1.71,-0.09,4.51,,,-3.15,-2.36,-12.56,-20.39,,,-1.66,16,false
fdd9d5e0-c47a-4e1e-b6e6-2f466df489d7,TTD,Green Jeffrey Terry,0001671445,President and CEO,President and CEO,2026-03-02,P,buy,527324,23.49,12386840.76,0001671445-26-000004,2026-03-04,Communication Services,CEO,OPPORTUNISTIC,24.31999969482422,21.979999542236328,24.239999771118164,,,,,-9.62,-0.33,,,,,false,,,-4.54,4.99,,,,,-5.08,-5.32,,,,,-12.5,25,
6a57ecd8-2ec7-4c9a-82ba-6afb9fe30350,TTD,Green Jeffrey Terry,0001671445,President and CEO,President and CEO,2026-03-03,P,buy,1685696,24.97,42091829.12,0001671445-26-000004,2026-03-04,Communication Services,CEO,OPPORTUNISTIC,25,22.049999237060547,,,,,,-11.8,,,,,,false,,,-3.6,,,,,,-8.2,,,,,,-14.88,24,
d65a38a6-09fc-47f5-b330-dca3de548698,TTD,Green Jeffrey Terry,0001671445,President and CEO,President and CEO,2026-03-04,P,buy,2314304,25.08,58042744.32,0001671445-26-000004,2026-03-04,Communication Services,CEO,OPPORTUNISTIC,25.170000076293945,22.209999084472656,,,,,,-11.76,,,,,,false,,,-3.82,,,,,,-7.94,,,,,,-15.45,23,
da2daad5-44a9-46f3-9b3e-252c1d3e3349,CSGP,SAINT FREDERICK G.,0001500076,"President, Marketplaces","President, Marketplaces",2026-03-02,P,buy,20000,45.33,906600,0001500076-26-000006,2026-03-03,Real Estate,President,OPPORTUNISTIC,45.16999816894531,39.630001068115234,34.720001220703125,,,,,-12.26,-23.13,,,,,false,,,-4.54,4.99,,,,,-7.72,-28.12,,,,,-12.26,30,